key,en,fr,it,ja,ko,es,es_ES,pt_BR,pl,de,ru,uk,zh_CN,pr
DIALOGUE_MERRYSVILLE_TWINKLEELEMENTARY_HALLMONITOR1_0,"[@]Wait a minute, I don’t believe I’ve seen you before.[W@]Are you a new student?","[@]Hé, vous ![WAIT@]Je ne vous ai jamais vu[LeadArt6] ici avant ![W@]Vous êtes un[LeadArt6] nouvel[if party:female_lead]le[/if] élève ?",[@]Non penso di averti mai visto prima.[W@]Hai fatto da poco l'iscrizione a scuola?,[@]コラッ　みかけない　こどもだな。[W@]この　がっこうの　せいとか？,"[@]잠깐, 너 처음 보는 얼굴인데.[W@]전학생이야?","[@]Espera un minuto, no recuerdo haberte visto antes.[W@]¿Eres un estudiante nuevo?",[@]¡Un momento! No recuerdo haberte visto por aquí.[W@]¿Eres un nuevo estudiante?,"[@]Espera aí, acho que eu nunca te vi por aqui antes.[W@]Você é um aluno novo?","[@]Chwileczkę, nigdy cię tu wcześniej nie widziałem.[W@]Jesteś nowym uczniem?","[@]Warte mal kurz, ich glaub nicht, dass ich dich hier schonmal gesehen habe. [W@]Bist du ein neuer Mitschüler?",[@]Погоди... [DELAY:5]Что-то я тебя здесь раньше не видел.[W@]Ты новенький?,"[@]Так, хвилинку...[D] Якщо не помиляюсь, я тебе тут раніше не бачив.[W@]Ти новий учень?\n",[@]等一下，我之前好像没见过你…[W@]你是新来的转校生吗？,
DIALOGUE_MERRYSVILLE_TWINKLEELEMENTARY_HALLMONITOR1_0-OPT_0,Yes,Oui,Sì,はい,네,Sí,Sí,Sim,Tak,Ja,Да,Так,是,
DIALOGUE_MERRYSVILLE_TWINKLEELEMENTARY_HALLMONITOR1_0-OPT_1,No,Non,,いいえ,아니오,,,Não,Nie,Nein,Нет,Ні,否,
DIALOGUE_MERRYSVILLE_TWINKLEELEMENTARY_HALLMONITOR1_1,"[@]I see. Carry on, then.[W@]Just don’t run in the halls.","[@]Oh, d'accord. Allez-y.[W@]Mais attention à ne pas courir dans les couloirs.","[@]Ok. Vai pure, allora.[W@]Ma non correre nei corridoi.",[@]そうか　なら　だいじょうぶだ。[W@]ろうかを　はしるなよ。,[@]그렇구나. 지나가도 좋아.[W@]복도에서 뛰지만 마.,"[@]Ya veo. [D]Entonces, adelante.[W@]Nada más no corras por los pasillos.",[@]Ya veo. [D]Adelante. [W@]Pero no corras por los pasillos.,"[@]Entendi. Pode ir, então.[W@]Só não corra nos corredores.",[@]Aha. To możesz iść.[W@]Tylko nie biegaj po korytarzu.,[@]Verstehe. [D]Dann geh weiter. [W@]Aber renne nicht im Flur.,"[@]Ну, [D:4]тогда удачи.[W@]Только не бегай по коридорам.",[@]Зрозуміло.[D] Тоді проходь.[W@]Тільки не бігай по коридорам.\n,[@]我知道了，去忙你的吧。[W@]只要别在走廊上乱跑就行。,
DIALOGUE_MERRYSVILLE_TWINKLEELEMENTARY_HALLMONITOR1_2,"[@]Ah, a parent, then![W@]Welcome to our school.[W@]Though, upon further inspection, you look too[DELAY:4:3]...[D] “hip” [D]to be one.","[@]Ah, vous êtes un parent d'élève alors ![W@]Bienvenue dans notre école.[W@]En fait, à mieux y regarder, vous avez l'air trop[DELAY:4:3]...[D] « branché[if party:female_lead]e[/if] » [D]pour en être un.","[@]Ah, lei è un genitore![W@]Prego, vada pure.[W@]Guardando meglio, però, è un po' troppo[DELAY:4:3]...[D] “alla moda” [D]per essere un genitore.",[@]ならば　おやごさんでしたか！[W@]ほんじつは　じゅぎょうさんかんに[BR]おこしいただき　ありがとうございます。[W@]・・・ずいぶんと　モダンな　おやごさんだなぁ。,"[@]아, 학부모님이셨나요![W@]저희 학교에 오신 걸 환영합니다.[W@]근데 다시 보니 꽤[DELAY:4:3]... [D]하도 젊게 사시는 듯해서... [D] 학부모 같진 않으시네요.","[@]Ah, entonces debes ser un padre.[W@]Bienvenido a nuestra escuela.[W@]Aunque, ahora que te veo más de cerca, te ves demasiado[DELAY:4:3]...[D] “en onda” [D]para ser uno.","[@]Ah, entonces debes ser un padre.[W@]Bienvenido al colegio.[W@]Aunque ahora que me fijo mejor, pareces muy[DELAY:4:3]...[D] «a la moda» para ser un padre.","[@]Ah, então é um pai de aluno![W@]Bem-vindo à nossa escola.[W@]Se bem que, olhando melhor, você parece[DELAY:4:3]...[D]""maneiro""[D] demais para ser um pai.","[@]Ach, więc jesteś rodzicem![W@]Witaj w naszej szkole.[W@]Chociaż, jak ci się bardziej przyjrzę, wydajesz się zbyt[DELAY:4:3]...[D] “modny” [D]na rodzica.","[@]Ah, ein Elternteil also![W@]Willkommen an unserer Schule.[W@]Wobei bei genauerer Betrachtung, siehst du zu [DELAY:4:3]...[D] „hip” [D]aus, um erziehungsberechtigt zu sein.","[@]А,[D:4] значит, вы...[D:6] родитель![W@]Добро пожаловать в нашу школу.[W@]Хотя... для родителя вы выглядите[DELAY:4:3]...[D] больно «круто».","[@]А, тоді батько![W@]Ласкаво просимо до нашої школи.[W@]Хоча, якщо вдивлятися, для батька ви одягаєтеся[DELAY:4:3]...[D] зовсім молодіжно.\n",[@]啊，原来是家长啊！[W@]欢迎来到我们学校。[W@]不过，仔细一瞧…[WAITBR]你看起来有点太…[D]“潮”[D]了，不太像个家长。,
DIALOGUE_MERRYSVILLE_TWINKLEELEMENTARY_HALLMONITOR1_SPEAKER,Nabber,Nabber,,ナッバー,내버,,,,,Herr Nörgel,Наббер,Наббер,纳博,
DIALOGUE_MERRYSVILLE_TWINKLEELEMENTARY_HALLMONITOR2_0,[@]No running in the halls!,[@]On ne court pas dans les couloirs !,[@]Non si corre nei corridoi!\n,[@]ろうかを　はしるんじゃ　ありませんよ！,[@]복도에서 뛰지 마!,[@]¡No corran en los pasillos!,[@]¡Nada de correr por los pasillos!,[@]Não corra nos corredores!,[@]Nie biegaj po korytarzu!,[@]Nicht auf den Fluren rennen!,[@]Не бегайте по коридорам!,[@]Не бігати по коридорах!,[@]走廊内禁止奔跑！,
DIALOGUE_MERRYSVILLE_TWINKLEELEMENTARY_HALLMONITOR2_SPEAKER,Mitsy,Mitsy,,ミッツィ,미치,,,,,,Митси,Мітсі,米琪,
DIALOGUE_MERRYSVILLE_TWINKLEELEMENTARY_JANITORKEYGIRL_0,"[@]The janitor has the key to the rooftop, but he doesn’t give it to students.[W@]I tried asking him for it the other day, but he just started chewing my ear off, complaining about his wife![W@]I’d take a hundred math classes over that...","[@]C'est le concierge de l'école qui a la clé du toit, mais il la donne pas aux élèves.[W@]L'autre jour, j'ai essayé de lui demander, mais il s'est mis à me raconter sa vie, genre « gnagnagna, ma femme ceci, ma femme cela » ![W@]J’aurais préféré avoir mille cours de maths plutôt que d'entendre ça...","[@]Il bidello ha la chiave per il tetto, ma non la dà agli alunni.[W@]Gliel'ho provata a chiedere l'altro giorno, ma continuava a lamentarsi senza fine di sua moglie![W@]Preferisco cento ore di matematica piuttosto...\n",[@]おくじょうのカギを　ようむいんさんが[BR]もってるんだけど[DELAY:4]　かしてくれないのよ。[W@]たのんでも　おくさんのはなし　ばかりで・・・[W@]さんすうの　じゅぎょうほうが　ましだわ。,[@]수위아저씨가 옥상 열쇠를 갖고 있는데 학생들한텐 안 빌려줘.[W@]전에 부탁해 봤는데 갑자기 아내 욕만 한참을 늘어놓더라![W@]차라리 수학 수업을 백 번 듣는 게 낫겠어...,"[@]El conserje tiene la llave para la azotea, pero no se la pasa a los estudiantes.[W@]Se la intenté pedir el otro día, ¡pero comenzó a hablar sin parar quejándose de su esposa!\n[W@]Prefiero cien clases de matemáticas antes de escuchar eso otra vez...","[@]El conserje tiene la llave de la azotea, pero no se la da a los alumnos.[W@]El otro día intenté pedírsela y empezó a darme la lata. ¡Que si su mujer esto, su mujer lo otro![W@]Habría preferido mil clases de matemáticas antes que escucharle...","[@]O zelador tem a chave do terraço, mas ele não deixa ninguém pegar.[W@]Eu tentei pedir emprestado outro dia, mas aí ele começou a reclamar da esposa no meu ouvido![W@]Eu preferiria ter mil aulas de matemática do que passar por isso de novo...","[@]Woźny ma klucz na dach, ale nie daje go uczniom.[W@]Chciałam go raz o niego spytać, ale on zaczął tak truć o swojej żonie, aż mi uszy zwiędły![W@]Wolę sto lekcji matmy od jego tyrad...","[@]Der Hausmeister hat den Schlüssel zum Dach, aber den gibt er nicht an Schüler.[W@]Ich hab neulich versucht, ihn darum zu bitten, aber er hat sich nur über seine Frau beschwert und meine Ohren vollgequasselt![W@]Da würde ich lieber hundert Mathestunden nehmen ...","[@]У уборщика есть ключ на крышу, только он нам[BR]его не даёт.[W@]Я один раз у него попросила, а он давай про свою жену ныть.[D:6] Уши завяли![W@]Уж лучше сто раз на математику сходить.","[@]У прибиральника є ключ на дах,[DELAY:4] тільки він учням його не дає.[W@]Нещодавно я попросила у нього ключ,[D] а він як почав теревені правити![DELAY:9] І все про свою жінку![W@]Краще б я відсиділа сто уроків математики...\n",[@]校工那里有天台的钥匙，但他从来不给学生。[W@]前几天我试着找他要过，但他却对着我没完没了地抱怨他老婆的事，简直听得我耳朵要起茧子了！[W@]比起听那个，我宁愿去上几百节数学课……,
DIALOGUE_MERRYSVILLE_TWINKLEELEMENTARY_JANITORKEYGIRL_SPEAKER,Teresa,Teresa,,テレーサ,테레사,,,,,,Тереза,Тереза,特蕾莎,
DIALOGUE_MERRYSVILLE_TWINKLEELEMENTARY_TOILETMISOGYNYGIRL_0,"[@]The girl's bathroom is always filled!\n[W@]Apparently, the boys' bathroom has way more toilets than the girls' bathroom.\n[W@]Don't you think that's unfair?\n","[@]Les toilettes des filles sont tout le temps occupées ![W@]En fait, il paraît qu'il y a beaucoup plus de toilettes chez les garçons que chez les filles.[W@]Tu trouves pas que c'est carrément pas juste ?",[@]Il bagno delle femmine è sempre pieno![W@]Sembra che abbia molti meno bagni di quello dei maschi.[W@]Non ti sembra ingiusto?,[@]ここにならんでると　なぜか　わからないけど[BR]ラーメンやを　おもいだすわ。[W@]ぎょうれつができるほど　だいにんきで…[W@]あなたも　そうおもう？,[@]여자 화장실은 항상 꽉 차 있어![D:6] 남자 화장실이 여자 화장실보다 변기가 훨씬 많다던데.[W@]완전 불공평하지 않아?,[@]¡El baño de las niñas siempre está repleto!\n[W@]Aparentemente el de los niños tiene muchos más inodoros que el de las niñas.\n[W@]¿No crees que es injusto?,"[@]¡El baño de chicas siempre está lleno!\n[W@]Por lo visto, en el baño de chicos hay muchos más váteres que en el de chicas.\n[W@]¿A que es injusto?",[@]Não é justo! O banheiro das meninas vive cheio!\n[W@]Estou achando que o banheiro dos meninos tem muito mais vasos que o das meninas.\n[W@]Você não acha isso injusto?\n,"[@]Damska łazienka jest wiecznie zatłoczona!\n[W@]Okazuje się, że w łazience dla chłopców jest znacznie więcej toalet, niż w tej dla dziewczyn.\n[W@]Nie uważasz, że to niesprawiedliwe?",[@]Die Mädchentoiletten sind immer alle besetzt![W@]Aber bei den Jungs gibt es auch viel mehr Toiletten als bei den Mädchen.[W@]Ist das nicht unfair?,"[@]Туалет для девочек постоянно занят! [W@]У мальчиков унитазов явно больше. [D:6]Разве это справедливо![W@]А по-твоему, справедливо?","[@]Несправедливо![D:6] Чому в туалеті для хлопчиків більше унітазів, ніж у туалеті у дівчаток?[W@]Як гадаєш, це несправедливо?",[@]女厕所里经常满人！[W@]而且很明显，男厕所的马桶可比女厕所的要多太多了。[W@]这样也太不公平了吧！,
DIALOGUE_MERRYSVILLE_TWINKLEELEMENTARY_TOILETMISOGYNYGIRL_0-OPT_0,Yes,Si,Sì,はい,네,Sí,Sí,Sim,Tak,Ja,Да,Так,的确,
DIALOGUE_MERRYSVILLE_TWINKLEELEMENTARY_TOILETMISOGYNYGIRL_0-OPT_1,No,Non,,いいえ,아니오,,,Não,Nie,Weiß nicht,Нет,Ні,并非,
DIALOGUE_MERRYSVILLE_TWINKLEELEMENTARY_TOILETMISOGYNYGIRL_1,[@]Hee-hee! That's right!,[@]Hi hi ! T'as trop raison !,[@]Eheh! Vero?,[@]ほんとに？,[@]히히! 그렇지!,"[@]¡Ji, ji! ¡Tal cual!","[@]¡Je, je! ¡Así es!",[@]Hi-hi! É isso aí!,[@]Tihi! Dokładnie!,[@]Hihihi! Das stimmt!,[@]Справедливо?!,[@]Хі-хі! Правильно!,[@]呵呵，[DELAY]就是说啊！,
DIALOGUE_MERRYSVILLE_TWINKLEELEMENTARY_TOILETMISOGYNYGIRL_2,[@]Are you single by any chance?,"[@]Tu serais pas célibataire, par hasard ?",[@]Per caso sei single?,[@][D:3:3]・・・あなたも　なかなか　ツウなのね・・・,[@]혹시 혼자야?,[@]¿Por casualidad eres soltero?,[@]¿Por casualidad estás soltero?,"[@]Você é solteiro, por acaso?",[@]Czy jesteś może singlem?,[@]Bist du vielleicht Single?,[@]Ну и катись в унитаз!,"[@]До речі, у тебе є дівчина?",[@]要是大家都能这么想该多好啊！,
DIALOGUE_MERRYSVILLE_TWINKLEELEMENTARY_TOILETMISOGYNYGIRL_3,[@]Oh yeah? [D]Well I hope you fall in your toilet!,[@]Ah ouais ? [D]Eh ben j'espère que tu vas tomber dans la cuvette !,[@]Ah sì? [D]Spero che tu cada dentro al water!,[@]あら　そう・・・[D][BR]ちゅうかそばで　たとえたほうが　よかったかしら。,[@]그래? [D]변기에 빠져버리길 바라!,"[@]¿Ah, sí? [D]¡Pues ojalá te caigas directito en tu inodoro!","[@]¿Ah, no? [D]¡Pues ojalá que te caigas en un váter!",[@]Ah é? [D]Pois eu espero que você caia dentro de um vaso!,"[@]Ta? [D]Cóż, mam nadzieję, że wpadniesz do swojej toalety!",[@]Ach ja?[D] Ich hoffe du rutschst das Klo hinunter!,[@]Ну конечно! Хи-хи...\n[W@]А у тебя случайно нет девушки?,"[@]Грубіян! [D]Я сподіваюся, ти впадеш в унітаз!",[@]哦，呵呵，[D]你可真没眼力见！,
DIALOGUE_MERRYSVILLE_TWINKLEELEMENTARY_TOILETMISOGYNYGIRL_SPEAKER,Alicia,Alicia,,アリシア,알리시아,,,,Alicja,,Алисия,Алісія,艾莉西亚,
DIALOGUE_MERRYSVILLE_TWINKLEELEMENTARY_TOILETWAITINGGIRL_0,"[@]I've been waiting for ages, but all the toilets are taken!","[@]Ça fait super longtemps que j'attends, mais les toilettes sont toutes occupées !",[@]Sono passati secoli e i bagni sono ancora tutti occupati!,[@]ずっとまってるのに　トイレがあかないの。,"[@]계속 기다리고 있는데, 대체 언제쯤 열리는 거야!","[@]Llevo siglos esperando, ¡pero todos los inodoros están ocupados!","[@]¡Llevo esperando una eternidad, pero es que todos los baños siguen ocupados!","[@]Estou esperando há horas, mas todos os vasos estão ocupados!","[@]Czekam tu już wieki, a toalety nadal są zajęte!","[@]Ich warte schon seit Ewigkeiten, aber alle Toiletten sind besetzt!",[@]Да почему никто не выходит![W@]Я тут уже сто лет стою!,"[@]Я чекаю вже вічність, але усі туалети ще досі зайняти!",[@]我已经等了好长时间了，可是所有马桶都有人占着！,
DIALOGUE_MERRYSVILLE_TWINKLEELEMENTARY_TOILETWAITINGGIRL_SPEAKER,Jade,Jade,,ジェード,제이드,,,,,,Джейд,Джейд,捷德,
DIALOGUE_MERRYSVILLE_TWINKLEELEMENTARY_CANCARTWHEELKID_0,[@]Do you know how to do a cartwheel?\n[W@]All first graders know how to do a cartwheel.\n[W@]It's one of our natural abilities.\n,"[@]Tu sais faire la roue, toi ?[WAIT@]Tous les élèves de CP savent faire la roue.[WAIT@]C'est une de nos capacités naturelles. [DELAY:6]Eh ouais !",[@]Sai fare la ruota?\n[W@]Tutti quelli in prima elementare sanno come si fa.\n[W@]Ce l'abbiamo nel sangue.\n,[@]しょうがく　いちねんせいだったら[BR]さかあがりくらい　できるものよねぇ。[W@]あなたも　さかあがり　できるよね？,[@]물구나무선 채로 옆돌기할 줄 알아?[W@]1학년이면 다 할 줄 안다고 하던데...[W@]우리 모두에게 타고난 능력인가 봐.,[@]¿Sabes cómo hacer una voltereta?\n[W@]Todos los de primero sabemos cómo hacer una.\n[W@]Es una de nuestras habilidades naturales.\n,[@]¿Sabes hacer la rueda?[W@]Todos los de primero sabemos hacerla.[W@]Es una de nuestras habilidades naturales.,[@]Você sabe dar estrelinha?[W@]Todos os alunos do primeiro ano sabem dar estrelinha.[W@]É um dom natural.,[@]Umiesz zrobić gwiazdę?\n[W@]Wszyscy pierwszoklasiści to potrafią.\n[W@]To jedna z naszych naturalnych zdolności.,"[@]Weißt du, wie man einen Radschlag macht?\n[W@]Alle Erstklässler wissen, wie man ein Rad schlägt.\n[W@]Das gehört zu unseren natürlichen Fähigkeiten.",[@]А ты можешь сделать колесо?\n[W@]Все первоклашки умеют делать колесо.\n[W@]Это у нас врождённое.,"[@]А ти можеш зробити колесо?\n[W@]Усі ми, першокласники, вміємо робити колесо.\n[W@]Це одна з наших вроджених здібностей.",[@]你知道怎么做侧手翻吗？[W@]一年级的小学生全都会做哦，[W@]这可是我们与生俱来的能力。,
DIALOGUE_MERRYSVILLE_TWINKLEELEMENTARY_CANCARTWHEELKID_SPEAKER,Enid,Enid,,エニド,이니드,,,Enídia,,,Энид,Енід,伊妮德,
DIALOGUE_MERRYSVILLE_TWINKLEELEMENTARY_CANTCARTWHEELKID_0,[@]I can’t do a cartwheel.,[@]J'arrive pas à faire la roue,[@]Io non so fare la ruota.,[@]ぼく　さかあがりできないのよ。,[@]난 물구나무 못 해.,[@]No sé hacer una voltereta.,[@]No sé hacer la rueda.,[@]Eu não sei dar estrelinha.,[@]Nie umiem zrobić gwiazdy.,[@]Ich kann kein Rad schlagen.,[@]Я не умею делать колесо.,[@]Я не вмію робити колесо.,[@]我还是不会做侧手翻。,
DIALOGUE_MERRYSVILLE_TWINKLEELEMENTARY_CANTCARTWHEELKID_SPEAKER,Kayo,Kayo,,カヨ,카요,,,,,,Каё,Кайо,佳代,
DIALOGUE_MERRYSVILLE_TWINKLEELEMENTARY_FAVFOODHATER_0,"[@]I’m so hungry, I could eat[DELAY:4:3]... [D]anything but [FavFood].[W@]Hey, why do you look so offended?","[@]J'ai tellement faim que je pourrais manger[DELAY:4:3]... [D]n'importe quoi. Sauf un plat d[elision][FavFood].[W@]Hé, pourquoi on dirait que t'es vexé[LeadArt6] ?","[@]Ho così tanta fame che mi mangerei[DELAY:4:3]... [D]qualunque cosa a parte [FavFood].[W@]Ehi, perché te la sei presa?",[@]おなかがすいて　なんでもたべられちゃいそう。[BR][D][FavFood]じゃなければ　ね。[W@][DELAY:4:3]・・・なんか　おこらせるようなこと　いった？,"[@]배고파 죽겠어, 아무거라도 당장 집어 먹고 싶을 정도야[DELAY:4:3]... [D][FavFood] 빼고.[W@]왜 그런 표정이야?","[@]Estoy tan hambriento, me comería[DELAY:4:3]... [D]todo menos \n[FavFood].[W@]Oye, ¿por qué tan enojad[LeadArt6]?","[@]Tengo tanta hambre que me comería[DELAY:4:3]... [D]lo que sea menos [FavFood].[W@]Oye, ¿por qué pareces enfadad[LeadArt6]?","[@]Mas que fome, eu poderia comer[DELAY:4:3]... [D]qualquer coisa, menos [FavFood] agora.[W@]Ei, por que está fazendo essa cara?","[@]Jestem taki głodny, że mógłbym zjeść[DELAY:4:3]... [D]cokolwiek, byle nie [FavFood].[W@]Hej, co cię tak nagle uraziło?","[@]Ich bin so hungrig, ich könnte alles fressen [DELAY:4:3]... [D]alles außer [FavFood].[W@]Hey, warum schaust du so beleidigt?",[@]Я сейчас готов съесть всё что угодно.[DELAY:4:2].. [D]только если это не [FavFood]![W@]Ты чего вдруг такой серьёзный?,"[@]Я такий голодний, що готовий з'їсти все[DELAY:4:3]... [D]тільки не [FavFood].[W@]Гей, що тебе так засмутило?",[@]我饿得简直什么都能吃得下，除了…[D][FavFood]。[W@]嘿，你那一脸不爽的表情是什么意思？,
DIALOGUE_MERRYSVILLE_TWINKLEELEMENTARY_FAVFOODHATER_SPEAKER,Devin,Devin,,デビン,데빈,,,,,,Девин,Девін,德文,
DIALOGUE_MERRYSVILLE_TWINKLEELEMENTARY_COMPUTERHATER_0,"[@][LLOYD]’s the type to become a “computer engineer” when he grows up.\n[W@]Sounds pretty lame, if you ask me. Computers are just a fad.\n","[@][LLOYD], c'est le genre de garçons qui vont devenir informaticiens quand ils seront grands.[W@]Ça a l'air trop nul, si tu veux mon avis. Les ordinateurs, c'est juste une mode.",[@][LLOYD] è il tipo da diventare un “ingegnere informatico” da grande.\n[W@]Secondo me è da sfigati. I computer passeranno di moda.\n,[@][Lloyd]って　しょうらいは[BR]コンピュータかんけいの　しごとに[BR]つくんじゃないかな。　[W@]インターネットを　だれもがつかう[BR]しゃかいなんて　そうぞう　つかないや。,[@][LLOYD][particle:LLOYD:0] 나중에 커서 “컴퓨터 엔지니어”가 될 거 같아.[W@]내가 보기엔 완전 별로야. [W@]컴퓨터 같은 건 그냥 지나가는 유행일 뿐이라고.,"[@][LLOYD] es el típico que quiere ser un “informático” cuando sea grande.\n[W@]A mí me parece ridículo, se nota que la moda de las computadoras no durará nada.\n",[@][LLOYD] es el típico que de mayor quiere ser «ingeniero informático».[W@]A mí me parece de pringaos. Lo de los ordenadores es una moda pasajera.,"[@][LLOYD] leva jeito para ser um ""engenheiro da computação"" quando crescer.[W@]Parece bem chato. Essa coisa de computador é pura modinha.","[@][LLOYD] chyba zostanie “inżynierem komputerowym” kiedy dorośnie.\n[W@]Według mnie, to strasznie lamerskie. Komputery szybko wyjdą z mody.","[@][LLOYD] ist so ein Typ, der später einmal „Computeringenieur” wird.\n[W@]Klingt ziemlich lahm, wenn du mich fragst. Computer sind doch nur eine Modeerscheinung.","[@][LLOYD] хочет стать «компьютерным инженером».\n[W@]Ерунда, как по мне. Вся эта мода на компьютеры быстро утихнет.","[@][LLOYD], коли виросте, напевно стане «комп'ютерним інженером».\n[W@]Дурниця якась, як на мене.[D] Усі знають, що комп'ютери скоро вийдуть із моди.",[@][LLOYD]长大后大概会成为那种“电脑工程师”吧。[W@]依我看，那工作太没劲了，电脑不过是一时流行罢了。,
DIALOGUE_MERRYSVILLE_TWINKLEELEMENTARY_COMPUTERHATER_SPEAKER,Zachary,Zachary,,ザッカリー,재커리,,,,,,Закари,Закарі,扎卡利,
DIALOGUE_MERRYSVILLE_TWINKLEELEMENTARY_FAILSUBTRACTGIRL_0,[@]I still don’t know how to carry over in subtraction...[W@]Why does math need to be so hard?,"[@]Je sais toujours pas faire des soustractions avec une retenue...[W@]Pourquoi c'est si dur, les maths ?",[@]Non ho ancora capito le sottrazioni con il prestito...[W@]Perché la matematica è così difficile?\n\n,[@]わたし　ひきざんの　くりさがりが　わからない。[W@]さんすうって　むずかしい！,[@]난 아직도 뺄셈할 때 받아내림이 뭔지 모르겠어...[W@]수학은 왜 이렇게 어려워야 하는 거야?,[@]Aún no me se dan las restas...[W@]¿Por qué las matemáticas son tan difíciles?\n,[@]Todavía no me salen las restas con llevada...[W@]¿Por qué las mates son tan difíciles?,"[@]Eu ainda não sei como que faz o ""pegar emprestado"" na subtração...[W@]Por que matemática é tão difícil?",[@]Nadal nie wiem na czym polega pożyczanie w odejmowaniu...[W@]Czemu matma musi być taka trudna?,"[@]Ich weiß immer noch nicht, wie man bei der Subtraktion überträgt ...[W@]Warum muss Mathe so schwer sein?","[@]Я так и не поняла, как вычитать столбиком с двумя цифрами...[W@]Почему математика такая сложная?","[@]Я досі не розумію, як віднімати в стовпчик з переходом... [W@]Чому математика така складна?",[@]我还是搞不懂减法里要怎么进位…[W@]为什么数学非得这么难啊？,
DIALOGUE_MERRYSVILLE_TWINKLEELEMENTARY_FAILSUBTRACTGIRL_1,"[@]I looked at an older kid's math book just now...\n[W@]You tellin’ me I’ll have to subtract letters and stuff?!\n[W@]I'm never making it outta first grade, man...\n","[@]Je viens de regarder un livre de maths de grand...[W@]Tu veux dire qu'on va devoir faire des soustractions de lettres et tout ?![W@]Je vais jamais passer le CP, c'est pas possible...",[@]Ho sbirciato il libro di matematica di un bambino più grande...\n[W@]Perciò dobbiamo sottrarre perfino lettere e simili?!\n[W@]Non andrò mai in seconda elementare...,[@]まえに　にいちゃんの　きょうかしょ[BR]こっそり　よんでみたけど・・・[W@]こめおんなまなぶ？　ってほんで　なんと！[DELAY:4][BR]えいごを　ひきざんしてたの！[W@]・・・もうわかんないや！,[@]방금 위에 학년의 수학책을 펼쳐봤는데...[W@]글자까지 뺄셈하는 거야?![W@]난 평생 1학년에서 못 벗어날 거 같아...,"[@]Acabo de revisar el cuaderno de matemáticas a uno de los niños grandes...\n[W@]¡¿Acaso tendré que restar letras después?!\n[W@]Nunca voy a pasar de primero, bro...",[@]Acabo de ver el cuaderno de mates de un niño mayor...[W@]¡¿Me estás diciendo que también hay letras?![W@]Nunca voy a pasar de primero...,"[@]Eu estava olhando o livro de matemática de um colega mais velho...[W@]Quer dizer que depois vou ter que subtrair letras e outras coisas?![W@]Nossa, eu nunca vou sair do primeiro ano...","[@]Miałem okazję zerknąć na podręcznik od matmy starszaka...\n[W@]I co, będę musiał odejmować jakieś literki i co bądź?!\n[W@]Jeny, nigdy nie zdam do drugiej klasy...","[@]Ich habe mir gerade das Mathebuch von jemand Älteren angesehen ...\n[W@]Du willst mir sagen, dass ich Buchstaben und sowas subtrahieren muss?!\n[W@]Ich werde die erste Klasse nie schaffen, Mann ...",[@]Я заглянула в учебник по математике второго класса...\n[W@]То есть мне ещё придётся решать примеры с буквами?!\n[W@]Я так из первого класса никогда не вылезу...,"[@]Я заглянула до підручника з математики у старшокласника... [D]Нам ще доведеться вирішувати приклади з літерами?!\n[W@]Ех, так я ніколи не вилізу з першого класу...",[@]我刚才看了一眼高年级学生的数学书…[W@]你是说，我以后还得计算字母之类的东西？！[W@]天呐，我觉得我这辈子都没法从一年级升上去了…,
DIALOGUE_MERRYSVILLE_TWINKLEELEMENTARY_FAILSUBTRACTGIRL_SPEAKER,Polly,Polly,,ポリー,폴리,,,,,,Полли,Поллі,波莉,
DIALOGUE_MERRYSVILLE_TWINKLEELEMENTARY_GETLOSTGIRL_0,"[@]I tried to play with a boy during recess...[D] but he told me to “get lost”.\n[W@]How do you get lost in a schoolyard, though?\n[W@]I just don’t get it.\n",[@]J'ai voulu jouer avec un garçon à la récré...[D] et il m'a dit « occupe-toi de tes oignons ».[W@]Mais pourquoi je devrais m'occuper d'oignons dans la cour de récré ?[W@]J'comprends pas.,[@]Volevo giocare con un bambino a ricreazione...[D] ma mi ha detto di “sparire”.\n[W@]Come fai a sparire se dobbiamo stare nel cortile?\n[W@]Non ho capito.,[@]ともだちと　おひるやすみのときに[BR]あそぼうとしたけど[D]　あっちいけって[BR]いわれちゃった。[W@]あっちって　どこにいけばいいのかな。[W@]がっこうのそとだと　せんせいにしかられちゃう。,[@]점심 시간에 남자애랑 놀려고 했는데...[D] “저쪽으로 꺼져”라고 소리쳤어.[W@]근데 저쪽이 어디인 걸까?[W@]난 아직도 이해가 안 돼.,[@]Intenté jugar con un niño en el recreo...\n[D]pero me dijo “que me fuera”.\n[W@]¿Pero cómo me voy a ir si aún tengo que volver a clases?\n[W@]De verdad no entiendo.\n,"[@]Intenté jugar con un niño en el recreo...\n[D] pero me dijo que «me fuera a freír espárragos».\n[W@]¿Pero cómo voy a hacer eso? ¡Estamos en el patio, no en una cocina!\n[W@]Es que no lo entiendo.","[@]Eu fui brincar com um menino no recreio...[D] mas ele me mandou ""ver se ele tá na esquina"".[W@]Como é que eu vou ver se você tá na esquina, se eu não posso sair da escola?[W@]Não entendi bulhufas.","[@]Chciałam pobawić się z chłopcem podczas przerwy...[D] ale powiedział, że ""mam spadać"".\n[W@]Ale jak, skoro tu nie ma żadnych dziur?\n[W@]Czegoś tu nie rozumiem.","[@]Ich habe versucht, in der Pause mit einem Jungen zu spielen ...[D] aber er sagte, ich soll mich „verpissen“.\n[W@]Aber gibt es dafür nicht Toiletten?\n[W@]Ich versteh's einfach nicht.","[@]Я на перемене хотела поиграть с мальчиком...[D][BR]А он мне сказал «иди в баню».\n[W@]Как же я пойду, если из школы выходить нельзя?\n[W@]Не понимаю...","[@]Я хотіла пограти з хлопчиком на перерві...[D] А він мені сказав «Йди гедь звідси»!\n[W@]Але куди ж мені йти,[DELAY:3] якщо за територію школи виходити не дозволено?\n[W@]Зовсім не розумію...",[@]下课的时候，我试着找个男生一起玩…[BR][D]但他却让我“滚远点”…[W@]可是，在学校操场上要怎么“滚”才算远呢？[W@]真是搞不懂他。,
DIALOGUE_MERRYSVILLE_TWINKLEELEMENTARY_GETLOSTGIRL_SPEAKER,Mandy,Mandy,,マンディー,맨디,,,,,,Мэнди,Менді,曼迪,
DIALOGUE_MERRYSVILLE_TWINKLEELEMENTARY_HORRORMOVIEBULLY_0,[@][LLOYD]’s such a wimp![WAIT] I bet he can’t even watch horror movies without wetting his pants!\n[W@]H...[D:6] huh?![D] O-of course I’m not afraid of horror movies![D] What a dumb question!\n,"[@][LLOYD], c'est un vrai trouillard ![WAIT] J'parie qu'il arrive même pas à regarder des films d'horreur sans se faire pipi dessus ![W@]D...[D:6] de quoi ?![D] B-bah bien sûr que j'ai pas peur des films d'horreur ![D] N'importe quoi, ta question !",[@][LLOYD] è uno sfigato![WAIT] Secondo me se la fa sotto ogni volta che guarda un film horror.\n[W@]C...[D:6] come?![D] I-io non ho paura dei film horror![D] Che domanda scema!,[@]ロイドの　よわむしけむし！[WAIT][BR]きっと　ホラーえいがをみてちびっているんだろうなぁ。[W@]え？[D:6]ぼくのことは　どうだって？[D][BR]そ　そりゃあこわくないさ。[D][BR]ば　ば　ばかげたはなし　いうなよ。,[@][LLOYD][particle:LLOYD:0] 완전 쫄보라니까![WAIT] 분명 공포 영화도 오줌 지리면서 볼 걸![W@]ㅁ...[D:6] 뭐?![D] 나-나는 공포 영화 같은 거 하나도 안 무섭거든![D] 완전 바보 같은 질문이네!,[@]¡Ese [LLOYD] es un debilucho![WAIT] ¡Seguro que ni puede ver películas de terror sin mojarse los pantalones!\n[W@]¿¡Q..[D:6] qué?![D] ¡C-claro que yo no les tengo miedo![D] ¡Qué tonterías preguntas!,[@]¡[LLOYD] es un cobardica![WAIT] ¡Seguro que no puede ver películas de terror sin mojarse los pantalones![W@]¡¿E...[D:6] eh?![D] ¡P-pues claro que a mí no me dan miedo![D] ¡Vaya pregunta más tonta!,[@]O [LLOYD] é o maior medroso![WAIT] Aposto que ele nem consegue assistir filmes de terror sem fazer xixi nas calças![W@]H...[D:6] Hein?![D] C-claro que eu não tenho medo de filmes de terror![D] Que pergunta idiota!,"[@][LLOYD] to taki mięczak![WAIT] Założę się, że nie obejrzałby horroru bez popuszczenia w gacie!\n[W@]H...[D:6] hę?![D] O-oczywiście, że nie boję się horrorów![D] Co za durne pytanie!","[@][LLOYD] ist so ein Weichei![WAIT] Ich wette, er kann nichtmal Horrorfilme schauen, ohne sich einzunässen!\n[W@]H...[D:6] Häh?![D] N-natürlich habe ich keine Angst vor Horrorfilmen![D] Was für eine dumme Frage!","[@][LLOYD] такой слабак![W] Да ему даже если ужастик показать, тот наделает в штаны!\n[W@]Кто...[D:6] я?![D] С-с чего бы мне бояться ужастиков?..","[@][LLOYD] такий слабак![D] Упевнений, він навіть фільм жахів не зможе подивитися, не надудливши у штани!\n[W@]Щ...[D:6] що?![D] З-зовсім ні, я не боюся фільмів жахів![D] Яке дурне питання!",[@][LLOYD]真是个胆小鬼！[BR][WAIT]我敢打赌，他看恐怖片肯定会吓得尿裤子！[W@]什…[DELAY:6]什么？！[BR][D]我-我当然不怕恐怖片！[D]你在说什么傻话！,
DIALOGUE_MERRYSVILLE_TWINKLEELEMENTARY_HORRORMOVIEBULLY_1,"[@]Is that...? \n[W@]Hey, [LLOYD]![D] How much money did you pay this kid to hang out with you?\n","[@]C'est pas... ?[W@]Hé, [LLOYD] ![D] Tu l'as payé combien pour qu'il reste avec toi ?","[@]Ma quello è...? \n[W@]Ehi, [LLOYD]![D] Quanto hai dato a questo qui per passare il tempo con te?",[@]もしかして...？[W@][LLOYD][D]　まさか　カツアゲされてるわけ？,"[@]으응...?[W@]이봐, [LLOYD]![D] 이 녀석한테 친구비 얼마나 쥐여줬길래, 같이 다녀주는 거야?","[@]¿Ese no es...? \n[W@]¡Oye, [LLOYD]![D] ¿Cuánto dinero le pagaste a ese niño para que se juntara contigo?","[@]¿Ese no es...?[W@]¡Eh, [LLOYD]![D] ¿Cuánto le has pagado a este pavo para que se junte contigo?","[@]Mas esse é...?[W@]Ei, [LLOYD]![D] Quanto que você pagou pra esse menino andar com você?","[@]Czy to...? \n[W@]Hej, [LLOYD]![D] Ile kasy dałeś temu dzieciakowi by za tobą łaził?","[@]Ist das ...? \n[W@]Hey, [LLOYD]![D] Wie viel hast du diesem Kind bezahlt, dass es mit dir abhängt?","[@]Чего?..[W@]Эй, [LLOYD],[D:4] ты сколько заплатил этому пацану,[BR]чтоб он с тобой подружился?","[@]Чи це...?[W@]Гей, [LLOYD]![D] Скільки ти заплатив цьому хлопцю, щоб він з тобою дружив?",[@]那是…？[W@]喂，[LLOYD]！[BR][D]你花了多少钱，才让这孩子愿意跟你混一起的？,
DIALOGUE_MERRYSVILLE_TWINKLEELEMENTARY_HORRORMOVIEBULLY_SPEAKER,Raph,Raph,,ラフィ,라피,,,,,,Раф,Раф,拉夫,
DIALOGUE_MERRYSVILLE_TWINKLEELEMENTARY_HORRORMOVIEBULLY_THOUGHTS_0,[@]That clown still gives me the creeps...,[@]J'ai toujours trop la trouille de ce clown...,[@]Quel clown mi dà ancora i brividi...\n,[@]あのピエロ　みててゾクゾクするなぁ。,[@]그 광대는 아직도 소름 끼쳐...,[@]Ese payaso aún me da miedo...,[@]Ese payaso todavía me sigue dando mal rollo...,[@]Aquele palhaço ainda me dá medo...,[@]Ten klaun wciąż przyprawia mnie o dreszcze...,[@]Dieser Clown macht mir immer noch Angst ...,[@]Мне всё ещё не по себе от того клоуна...,[@]У мене досі мурашки по шкірі лише від думки про того клоуна...,[@]那个小丑还是让我感觉心里发毛…,
DIALOGUE_MERRYSVILLE_TWINKLEELEMENTARY_JANITOR_0,"[@]The door to the roof, eh?[D] Of course it’s locked!\n[W@]Otherwise, instead of studying, all the naughty little punks in this school would sneak out to play games!\n[W@]Are you a punk, kid?\n","[@]Ah, la porte du toit ?[D] Évidemment qu'elle est verrouillée ![W@]Parce que sinon, tous les vilains garnements de cette école fileraient jouer en cachette au lieu de travailler ![W@]T'es un vilain garnement, toi ?","[@]La porta per il tetto?[D] Certo che è chiusa a chiave!\n[W@]Se no, poi tutti i monelli si nasconderebbero lì a giocare invece di studiare!\n[W@]Tu sei un monello?\n",[@]おくじょうのドアが　あかないって　いうのか。[D][BR]うちにかかれば　たいしたもんだいじゃねえな。[W@]しっかし　ちかごろ　べんきょうのかわりに[BR]おくじょうでゲームするガキが　おおいこった。　[W@]さてはきみも　ふりょうだな？,"[@]옥상 문 말하는 거냐, 응?[D] 당연히 잠겨 있지![W@]대문짝만하게 열려있으면 날라리들이 공부는커녕 몰래 게임이나 하러 올라갈 테니까![W@]너도 그런 부류냐?","[@]La puerta de la azotea, ¿eh?[D] ¡Pues claro que está cerrada!\n[W@]Si no, en vez de estudiar, ¡todos los holgazanes de esta escuela se escaparían para jugar!\n[W@]¿Eres un holgazán, niño?\n","[@]La puerta de la azotea, ¿eh?[D] ¡Pues claro que está cerrada!\n[W@]¡Si no, todos los granujillas del colegio se escaparían para jugar con las maquinitas!\n[W@]¿Eres un granuja, niño?","[@]A porta do terraço, é?[D] Claro que está trancada!\n[W@]Senão, em vez de estudar, todos esses marginaizinhos vão lá para cima ficar jogando videogame!\n[W@]Você é um marginalzinho?\n","[@]Drzwi na dach, ta?[D] Oczywiście, że są zamknięte!\n[W@]Gdyby nie były, wszystkie małe hultaje w tej szkole wymykałyby się tam by grać w gierki!\n[W@]Czy też jesteś hultajem?","[@]Die Tür zum Dach, was?[D] Klar ist sie verschlossen!\n[W@]Sonst würden sich alle kleinen frechen Lümmel in dieser Schule zum Spielen davonschleichen, anstatt zu lernen!\n[W@]Bist du ein frecher Lümmel, Kleiner?","[@]Дверь на крышу?[D] Ну конечно она заперта!\n[W@]Иначе бы всё местное хулиганьё пробиралось туда играть в электронные игры!\n[W@]Ты что, тоже хулиган?","[@]Двері на дах, кажеш?[D] Звичайно, вони замкнені!\n[W@]Якщо відкрию, всі хулігани школи почнуть туди лазити, уроки прогулювати!\n[W@]А ти, хлопче, що?[D] Теж хуліган?",[@]天台的门，嗯？[D]当然锁上了！[W@]要不然，学校里那些调皮捣蛋的小混球们全都会溜出去打游戏，谁还学习啊！[W@]小子，你也是个混混吗？,
DIALOGUE_MERRYSVILLE_TWINKLEELEMENTARY_JANITOR_0-OPT_0,Yes,Oui,Sì,はい,네,Sí,Sí,Sim,Tak,Ja,Да,Так,是,
DIALOGUE_MERRYSVILLE_TWINKLEELEMENTARY_JANITOR_0-OPT_1,No,Non,,いいえ,아니오,,,Não,Nie,Nein,Нет,Ні,否,
DIALOGUE_MERRYSVILLE_TWINKLEELEMENTARY_JANITOR_1,"[@]Hah![D] At least you have the integrity to admit it!\n[W@]With integrity, even being a punk isn’t a problem.\n","[@]Ah ![D] Au moins, tu as l'honnêteté de le reconnaître ![W@]C'est pas si grave d'être un vilain garnement si on est honnête.","[@]Hah![D] Almeno sei onesto e lo ammetti!\n[W@]Se uno è onesto, va bene anche se è un monello.\n\n",[@]だったとしても　たいしたもんだいじゃねえな。[W@]みとめられるだけでも　すごいことさ。,[@]하![D] 그래도 솔직하게 인정할 배짱은 있구만![W@]배짱만 있다면 날라리라도 상관없어.,"[@]¡Ja![D] ¡Al menos tienes la franqueza de admitirlo!\n[W@]Con franqueza, ni siquiera ser un holgazán es un problema.\n","[@]¡Ja![D] Al menos tienes principios y lo admites.\n[W@]Con principios, hasta un granuja tiene su pase.\n","[@]Ora![D] Pelo menos, você tem caráter para assumir!\n[W@]Um marginal com caráter não é tanto problema.\n","[@]Ha![D] Przynajmniej to wiesz i nie boisz się przyznać!\n[W@]Jak się wie, kim się jest, to żaden problem być nawet hultajem.","[@]Hah![D] Immerhin hast du Mumm um's zuzugeben!\n[W@]Mit Mumm ist's kein Problem, auch ein Lümmel zu sein.","[@]Ага![D] Ну хотя бы совести хватает cознаться.\n[W@]С совестью быть хулиганом уже не такая беда.\n[W@]А знаешь, что такое настоящая беда?","[@]Ха![D] Ну, хоча б тобі вистачає сумлінності зізнатися!\n[W@]А з сумлiннiстю навіть бути хуліганом не проблема.",[@]哈！[D]至少你诚实的承认了！[W@]只要为人正直，就算是个小混球也没关系。,
DIALOGUE_MERRYSVILLE_TWINKLEELEMENTARY_JANITOR_2,"[@]Well, isn’t that a rare sight![D] I oughta treat you to some tea.\n[W@]No, no, I insist! It's not a problem.\n","[@]Eh ben, voilà qui est rare ![D] Pour la peine, je devrais t'offrir une tasse de thé.[W@]Si, si, j’insiste ! Ça ne me pose aucun problème.","[@]Questa è una rarità![D] Devo proprio offrirti del tè.\n[W@]No, no, insisto! Non è un problema.\n\n",[@]ちかごろだと　めずらしいな。[BR]いや　ホントに　たいしたもんだいじゃないんだ。[@]おちゃでも　のみなって　なッ。　,"[@]오, 너 같은 애들은 드물어![D] 차라도 한잔 대접해 주지.[W@]아냐, 아냐. 어른이 주면 그냥 받는 거다.","[@]¡Vaya, eso sí que es algo raro de ver![D] Debería invitarte un té.\n[W@]¡Que sí, que sí, yo invito! No es ningún problema.\n","[@]¡Vaya, qué sorpresa![D] Debería invitarte a un té.\n[W@]¡Que sí, que sí, que invito yo! No es ningún problema.","[@]Ora, mas que beleza![D] Vamos tomar um chá.\n[W@]Não, não, eu insisto! Não é nenhum incômodo.\n","[@]A to dopiero rzadki widok![D] Aż muszę cię poczęstować herbatą.\n[W@]Ależ proszę, nalegam! To żaden problem.","[@]Na, wenn das mal nicht ein seltener Anblick ist![D] Ich muss dich mal auf einen Tee einladen.[W@]Nein, ich bestehe darauf! Das ist kein Problem.","[@]Что ж, такое редко увидишь![D:6] Угощу-ка я тебя чаем.\n[W@]Нет уж, я настаиваю.[D:4] Ты меня не побеспокоишь!\n[W@]Вот знаешь, что меня беспокоит?","[@]Ох, таке зустрінеш не щодня![D] Мені варто пригостити тебе чаєм.\n[W@]Ні, ні, я наполягаю! Це зовсім не проблема.",[@]诶哟，这可不常见啊！[D]我得请你喝杯茶了。[W@]不不不，别客气，这不算什么。,
DIALOGUE_MERRYSVILLE_TWINKLEELEMENTARY_JANITOR_3,"[@]My wife, though?[D] Now THAT’S a problem, if I’ve ever seen one!\n[W@]She doesn't get out of bed until noon...\n[W@]And she won't even pack me a brown bag lunch!\n[W@]Isn't that just horrible?\n","[@]Ma femme, par contre ?[D] ÇA, c’est un vrai problème ![W@]Elle dort jusqu'à midi tous les jours et ne me prépare jamais de panier-repas ![W@]C'est horrible, n'est-ce pas ?","[@]Mia moglie, invece?[D] Lei SÌ che è un problema!\n[W@]Non si alza prima di mezzogiorno...\n[W@]E neanche mi prepara il pranzo al sacco!\n[W@]Non ti sembra tremenda?\n\n",[@]そんなことより　うちのにょうぼうだよ。[D][BR]そっちのほうが　もんだいさ。[W@]まいあさ　ひるまで　ねむってやがって・・・[D][BR]しかも　べんとうも　つくってくれねぇ！[W@]ひでぇはなしだろ？　,[@]근데 우리 집사람은 말이야?[D] 그게 진짜 문제라니까![W@]해가 중천에 떠도 침대에선 나오지도 않아...[W@]게다가 남편이 출근하는데 도시락 하나 안 싸준다니까![W@]네가 생각해도 너무하지 않냐?,"[@]En cambio mi esposa...[D] ¡Esa sí que es un problema, y de los grandes!\n[W@]¡No se levanta de la cama hasta el mediodía...!\n[W@]¡Y ni siquiera me prepara el almuerzo para el trabajo!\n[W@]¿Acaso no es terrible?\n","[@]¿Pero mi mujer?[D] ¡Eso sí que es un problema, y de los gordos!\n[W@]No se levanta de la cama hasta el mediodía...\n[W@]¡Y ni siquiera me prepara un almuerzo para llevar!\n[W@]¿A que es un espanto?","[@]E a minha esposa?[D] Ela SIM é um incômodo, vou te contar!\n[W@]Ela fica deitada na cama até meio dia...\n[W@]E nem arruma a minha marmita!\n[W@]Isso não é terrível?\n","[@]Za to moja żona?[D] Z NIĄ to dopiero problem, jak z nikim innym!\n[W@]Wyleguje się w łóżku aż do południa...\n[W@]I nawet nie spakuje mi kanapek do pracy!\n[W@]Czyż to nie okropne?","[@]Meine Frau, aber?[D] Die ist ein RIESIGES Problem![W@]Sie kommt erst gegen Mittag aus den Federn ...[W@]Und dann macht sie mir nicht mal mein Pausenbrot![W@]Ist das nicht schrecklich?","[@]Моя жена![D] Горе на мою седую голову!\n[W@]Мало того, что она отлёживается до полудня...\n[W@]Так она мне даже обед на работу не собирает!\n[W@]Просто кошмар!","[@]Хочеш побачити справжню проблему?[D] Глянь на мою дружину![W@]Мало того, що вона спить до полудня...[W@]Так вона ще й не збирає мені на роботу обід![W@]Кошмар, правда?",[@]不过我老婆呢？[D]那才叫个大麻烦呢，我可从没见过她这样的！[W@]每天不到中午不起床…[W@]连给我准备一份便当都不肯！[W@]你说这是不是太过分了？,
DIALOGUE_MERRYSVILLE_TWINKLEELEMENTARY_JANITOR_3-OPT_0,Yeah...,C'est vrai...,Già...,うん・・・,예...,Ya veo...,Ya...,Pois é...,Ta...,Ja ...,Ага...,Ага...,的确…,
DIALOGUE_MERRYSVILLE_TWINKLEELEMENTARY_JANITOR_3-OPT_1,No way,Pas du tout,Per niente,いえ・・・,아뇨,No me diga,Para nada,Não muito.,Nie aż tak,Nö,Да не,Та ну,没有吧,
DIALOGUE_MERRYSVILLE_TWINKLEELEMENTARY_JANITOR_4,"[@]And when she finally gets up, she does nothing but shop all day!\n[W@]Luckily, I hid all my credit cards from that woman!\n[W@]Don't you think she's a terrible wife?\n","[@]Elle ne fait que prendre du poids.[W@]Et quand elle sort enfin de son lit, elle passe ses journées à faire du shopping ![W@]N'est-elle pas une horrible femme ?","[@]E poi quando finalmente si alza, fa shopping tutto il giorno!\n[W@]Per fortuna ho nascosto tutte le mie carte di credito!\n[W@]Non ti sembra una moglie terribile?\n\n",[@]ぶくぶくふとるばっかしでよ。[W@]しかもおきたら　おきたで　デパートで　かいものばかりさ。[W@]ひでぇおんなだろ。,[@]그러고 일어나서 한다는 게 쓰잘데기 없이 쇼핑이나 해대고![W@]내 카드는 다 숨겨놨지만![W@]정말 최악의 마누라 아니냐?,"[@]¡Y cuando por fin se levanta, no hace nada más que irse de compras por todo el día!\n[W@]¡Por suerte, le escondí todas mis tarjetas de crédito a esa mujer!\n[W@]¿No te parece que es una esposa horrible?\n","[@]Y cuando por fin se levanta, ¡se pasa el día entero de compras!\n[W@]¡Menos mal que he dejado las tarjetas de crédito bien lejos de esa mujer!\n[W@]¿No crees que es una esposa horrible?","[@]Pois é![D] E quando finalmente se levanta, ela vai para a rua gastar!\n[W@]Ainda bem que eu escondi o meu cartão de crédito daquela mulher!\n[W@]Ela não é uma esposa horrível?\n","[@]A jak już w końcu wstanie, resztę dnia spędza na zakupach!\n[W@]Na szczęście schowałem przed tą kobietą wszystkie swe karty kredytowe!\n[W@]Okropna z niej żona, nie uważasz?","[@]Und wenn sie dann mal aufgestanden ist, geht sie den ganzen Tag nur Einkaufen![W@]Zum Glück hab ich all meine Kreditkarten vor ihr versteckt![W@]Findest du nicht, dass sie eine schreckliche Ehefrau ist?","[@]Так и более того! [D:6]После этого она целый день шляется по магазинам!\n[W@]Хорошо хоть, я спрятал от неё все свои кредитки!\n[W@]Вот как ты думаешь, она ужасная жена?","[@]Та коли вона врешті-решт встає, вона цілий день нічим не займається крім закупів![W@]На щастя, я сховав усі свої кредитні карти від тієї жінки![W@]Хіба ти не думаєш що вона жахлива дружина?",[@]等她终于起了床，又一天到晚只知道买东西！[W@]还好我早就把信用卡全藏起来，不让她找到！[W@]你说她是不是个糟糕透顶的老婆？,
DIALOGUE_MERRYSVILLE_TWINKLEELEMENTARY_JANITOR_4-OPT_0,Uhuh...,Ouais...,"Beh, sì...",うんうん・・・,으음...,Ajá...,Ajá...,Pois é...,Yhym...,Mmhmm ...,Ага-а-а...,Угу...,呃呃…,
DIALOGUE_MERRYSVILLE_TWINKLEELEMENTARY_JANITOR_4-OPT_1,Nuh-uh...,Mouais...,"Beh, no...",いえいえ・・・,아뇨...음...,No sé...,No sé...,Sei não...,Nie-e...,Neeee ...,Не-а...,Нє-а...,不-呃…,
DIALOGUE_MERRYSVILLE_TWINKLEELEMENTARY_JANITOR_5,[@]Pah![D] Kids don't know the sorrows of real life!,[@]Pff ![D] Un gamin comme toi ne peut pas comprendre les chagrins de la vie...,[@]Pah![D] I mocciosi non hanno idea di quanto si soffre nella vita reale!\n,[@]こどもにゃ　わからねぇ。[BR][D]じんせいのかなしみは・・・,[@]허![D] 대가리에 피도 안 마른 놈이 뭘 알겠어!,[@]¡Bah![D] ¡Los mocosos no tienen ni idea de los golpes que da la vida!,[@]¡Bah![D] ¡Los críos no tenéis ni idea de los palos que da la vida!,[@]Tsc![D] As crianças não conhecem as tristezas da vida!,[@]Feh![D] Dzieciaki nie znają smutków prawdziwego życia!,[@]Pah![D] Kinder heutzutage kennen die echten Sorgen des Lebens nicht!,"[@]Вы, дети, ещё горя не знаете! [D]Тьфу!","[@]Ви, жовторотi, ще горя не знаєте![D] Тьху!",[@]切！[D]小孩子可不懂生活的苦！,
DIALOGUE_MERRYSVILLE_TWINKLEELEMENTARY_JANITOR_6,"[@]Yeah, exa—[DELAY:5] Wait, what?!\n[W@]How dare you talk about my wife like that! Scram! \n","[@]Voilà, exac…[DELAY:5] Attends, quoi ?![W@]Comment oses-tu parler de ma femme comme ça ! Fiche le camp !","[@]Sì, esa—[DELAY:5] Scusa, come?!\n[W@]Come ti permetti di parlare male di mia moglie?! Smamma!\n\n",[@]そうそう・・・[D]って[BR][DELAY:5]おまえに　うちのにょうぼうのことを[BR]そんなふうにいわれる　すじあいは　ないね。　[W@]でてってくれ！,"[@]그래, 맞—[DELAY:5] 잠시만, 뭐?![W@]이 새끼가 우리 마누라를 욕 해?! 썩 꺼져!","[@]¡Sí, exac—[DELAY:5] ¡Un momento! ¡¿Qué?!\n[W@]¡Pero qué te has creído! ¡¿Cómo te atreves a hablar así de mi esposa?! ¡Largo de aquí!","[@]¡Sí, exac—[DELAY:5] ¡Un momento! ¡¿Qué?!\n[W@]¡Pero qué te has creído! ¡¿Cómo te atreves a hablar así de mi mujer?! ¡Largo de aquí!","[@]Pois é, exa—[DELAY:5] Peraí, o quê?!\n[W@]Como você ousa falar da minha esposa assim! Sai fora! \n","[@]No, dokła—[DELAY:5] Zaraz, co?!\n[W@]Jak śmiesz mówić tak o mojej żonie! Zmiataj stąd!","[@]Ja, ma-[DELAY:5] Warte, was?![W@]Wie sprichst du über meine Frau! Verzieh dich!","[@]Да, именн...[DELAY:5] Стоп, что?!\n[W@]Да как ты смеешь говорить так о моей жене![BR]Пошёл вон отсюда!","[@]Так, правиль...[DELAY: 5] Що-що?!\n[W@]Як ти смієш казати це про мою дружину! Геть звiдси!",[@]是的，你说的没——[BR][DELAY:5]等等，什么？！[W@]你竟敢这么说我老婆！滚开！,
DIALOGUE_MERRYSVILLE_TWINKLEELEMENTARY_JANITOR_7,[@]Is that so?[D] Hrm.\n[W@]You are a pretty good kid.[D] Would you like some tea?\n,[@]Tu penses que non ?[D] Hmm...[W@]Tu m'as l'air d'être un enfant raisonnable.[D] Tu veux prendre un peu de thé ?,[@]Tu dici?[D] Hrm.\n[W@]Sei un bravo bambino.[D] Vuoi del tè?\n\n,[@]わかいときゃ　かわいかったんだ。[W@]そうさ[DELAY:5]　いいところもあるんだよ。[BR][W@]ま[DELAY:5]　おちゃでものんでくかい？,[@]그런가?[D] 음.[W@]넌 꽤 괜찮은 애구나.[D] 차 한잔할래?,"[@]¿Ah, sí?[D] Mmm.\n[W@]Eres un buen muchacho después de todo.[D] ¿Te gustaría un poco de té?\n","[@]¿Ah, sí? Mmm.\n[W@]Pues mira, pareces un buen chico.[D] Oye, ¿te apetece un poco de té?","[@]Ah, é?[D] Hum.\n[W@]Você é um bom menino.[D] Aceita um chá?\n",[@]Naprawdę?[D] Hmm.\n[W@]Dobry z ciebie dzieciak.[D] Chciałbyś może herbatki?,[@]Ist das so?[D] Hmm.[W@]Du bist ein gutes Kind.[D] Willst du etwas Tee?,[@]Думаешь?[D] Гм-м.\n[W@]А ты хороший пацан.[D] Чай будешь?,[@]Та невже?[D] Гм-м.\n[W@]А ти хлопчисько непоганий.[D] Чай будеш?,[@]是这样吗？[D]嗯…[W@]你倒是个不错的孩子，[D]想来杯茶吗？,
DIALOGUE_MERRYSVILLE_TWINKLEELEMENTARY_JANITOR_7-OPT_0,Yes,Oui,Sì,はい,네,Sí,Sí,Sim,Tak,Ja,Да,Так,是,
DIALOGUE_MERRYSVILLE_TWINKLEELEMENTARY_JANITOR_7-OPT_1,No,Non,,いいえ,아니오,,,Não,Nie,Nein,Нет,Ні,否,
DIALOGUE_MERRYSVILLE_TWINKLEELEMENTARY_JANITOR_8,[@](What a polite scamp!),"[@](Qu'est-ce qu'il est poli, ce garnement !)",[@](Che monello educato!)\n,[@](はなしのわかるこどもだなぁ。),[@](참 예의 바른 꼬마군!),[@](¡Pero que niño tan atento!),[@](¡Qué chaval tan educado!),[@](Mas que pestinha educado!),[@](Jaki z niego grzeczny urwis!),[@](Was ein höflicher Spitzbub!),"[@](Вежлив, паршивец!)",[@](Який вічливий шибеник!),[@]（真是个懂礼貌的小鬼头。）,
DIALOGUE_MERRYSVILLE_TWINKLEELEMENTARY_JANITOR_9,"[@]How rude!\n[W@]When you're old, you'll wish that young brats would respect you!","[@]Quel culot ![W@]Tu verras, quand tu seras vieux, toi aussi tu voudras que les petits morveux te montrent du respect !","[@]Che maleducato!\n[W@]Quando sarai grande, vorrai essere rispettato dai giovinastri!\n",[@]ことわるとでも　いうのか。[W@]としよりを　だいじにしないと[BR]おとなになって　なきをみるぞ。,[@]버릇없긴![W@]네가 이 나이 먹고 봐라! 어린 놈들이 존중이 없어... 존중이.,"[@]¡Pero qué malcriado!\n[W@]¡Cuando seas viejo, vas a desear que los mocosos malcriados te respeten!\n","[@]¡Qué mala educación!\n[W@]¡Cuando seas viejo, ya querrás que los mocosos te tengan un respeto!","[@]Que grosseria!\n[W@]Quando você for mais velho, vai querer que as crianças te respeitem!\n","[@]Co za brak wychowania!\n[W@]Jak już się zestarzejesz, będziesz mógł jedynie pomarzyć o szacunku ze strony małych smarków!","[@]Wie unhöflich![W@]Wenn du mal alt bist, würdest du dir wünschen, dass junge Bälger dich respektieren würden!","[@]Как грубо![W@]Вот постареешь и тоже захочешь, чтобы мелочь тебя уважала!","[@]Як грубо![W@]Ось постарієш і бажатимеш, щоб молодь тебе поважала!",[@]真没礼貌！[W@]等你老了，你也会盼着年轻的小鬼们能尊重你一下！,
DIALOGUE_MERRYSVILLE_TWINKLEELEMENTARY_JANITOR_10,"[@]Please, please have some tea!",[@]Viens donc prendre une tasse de thé !,"[@]Prego, prendi un po' di tè!\n",[@]ま　おちゃを　のみなって。なッ。,"[@]자, 차라도 한잔해!","[@]Por favor, toma un poco de té, te invito.","[@]Por favor, toma un poco de té, te invito.","[@]Vamos, beba um pouco de chá!","[@]Ależ proszę, napij się herbatki!","[@]Ach bitte, nimm etwas Tee!","[@]Прошу, попей чайку!","[@]Будь ласка, спробуй чаю!",[@]来来来，快喝杯茶！,
DIALOGUE_MERRYSVILLE_TWINKLEELEMENTARY_JANITOR_ROOF_UNCHECKED_0,"[@]What is it now?![D] I'm busy!\n[W@]If you need my help, you'll have to come back later!\n[W@]Now get!\n","[@]Qu'est-ce que tu veux ?![D] Je suis occupé ![W@]Si tu as besoin de moi, il va falloir revenir plus tard ![W@]Allez, file !","[@]Che c'è?![D] Ho da fare!\n[W@]Se hai bisogno, torna più tardi!\n[W@]Vai via!\n\n",[@]はいってます！[D]って　ここはトイレじゃないけどな。[W@]いま　てがはなせないんだ。[D]あとでおいで。　,[@]이번엔 또 뭐냐?![D] 바빠 죽겠구만![W@]뭐가 필요하면 나중에 다시 와라![W@]가! 빨리!,"[@]¡¿Y ahora qué?![D] ¡Estoy ocupado!\n[W@]¡Si necesitas mi ayuda, tendrás que volver más tarde!\n[W@]¡Fuera de aquí!\n","[@]¡¿Qué quieres?![D] ¡Estoy ocupado!\n[W@]¡Si me necesitas para algo, tendrás que volver más tarde!\n[W@]¡Ahora, largo!","[@]O que você quer?![D] Eu tô ocupado!\n[W@]Se você precisa de alguma coisa, volta depois!\n[W@]Vaza!\n","[@]Co znowu?![D] Zajęty jestem!\n[W@]Jeżeli chcesz żebym ci pomógł, wróć tu później.\n[W@]A teraz spadaj!","[@]Was ist denn jetzt schon wieder?![D] Ich bin beschäftigt!\n[W@]Wenn du meine Hilfe brauchst, musst du später wiederkommen!\n[W@]Jetzt verschwinde!","[@]Чего тебе?![D] Я занят!\n[W@]Если что-то нужно, приходи позже!\n[W@]А теперь не мешай!","[@]Та що ж вам, клятим, треба?![D] Я зайнятий!\n[W@]Якщо хочете щось взяти, повертайтеся пізніше![W@]А тепер киш звідси!",[@]又怎么了？！[D]我正忙着呢！[W@]要是想找我帮忙，晚点再来吧！[W@]快走开！,
DIALOGUE_MERRYSVILLE_TWINKLEELEMENTARY_JANITOR_ROOF_UNCHECKED_SPEAKER,Janitor,Concierge,Bidello,ようむいん,수위,Conserje,Conserje,Zelador,Woźny,Hausmeister,Уборщик,Прибиральник,校工,
DIALOGUE_MERRYSVILLE_TWINKLEELEMENTARY_JANITOR_SPEAKER,Janitor,Concierge,Bidello,ようむいん,수위,Conserje,Conserje,Zelador,Woźny,Hausmeister,Уборщик,Прибиральник,校工,
DIALOGUE_MERRYSVILLE_TWINKLEELEMENTARY_LABRUMORGIRL_0,"[@]Did you hear the rumors?\n[W@]Apparently, when the school closes at night,[D:6] a strange man can be seen lurking in the lab...\n","[@]Hé, t'as entendu les rumeurs ?[W@]Il paraît que la nuit, quand l'école est fermée,[D:6] y'a un mec bizarre qui rôde dans le labo...","[@]Hai saputo?\n[W@]Sembra che di notte, quando la scuola è chiusa,[D:6] si aggiri un uomo sospetto nel laboratorio...\n\n",[@]へんなうわさ　きかなかったぁ？[W@]・・・わたし　きいた。[W@]よるの　りかしつには[D:6] なぞの　おとこが[BR]あるきまわってるんだって・・・,"[@]그 소문 들었어?[W@]학교가 새벽에 문 닫고 나면,[D:6] 수상한 사람이 실험실 주위를 어슬렁거린대...","[@]¿Escuchaste los rumores?\n[W@]Al parecer, cuando cierran la escuela en la noche,[D:6] se ve un hombre extraño merodeando por el laboratorio...","[@]¿Te has enterado?[W@]Al parecer, cuando el cole cierra de noche,[D:6] aparece un hombre raro por el laboratorio...","[@]Você ouviu os boatos?[W@]Dizem que, quando a escola fecha à noite,[D:6] um homem estranho pode ser visto vagando pelo laboratório...","[@]Słyszałeś plotki?\n[W@]Słuchy głoszą, że w nocy, kiedy szkoła jest zamknięta[D:6] po laboratorium myszkuje jakiś dziwny mężczyzna...\n","[@]Hast du schon die Gerüchte gehört?\n[W@]Angeblich sieht man nachts, wenn die Schule geschlossen ist,[D:6] einen gruseligen Mann im Labor herumschleichen ...","[@]А ты тоже слышал?\n[W@]Говорят, когда школа закрывается на ночь, [D:4]по лабораторной ходит странный человек...","[@]А ти чув?[W@]Кажуть,[DELAY:3] коли школа закривається на ніч,[DELAY:3] у лабораторії бродить дивний чоловік...\n",[@]你听说过那个传闻吗？[W@]据说，每当学校晚上关门之后，[D:6]总能看到一个奇怪的人影在实验室徘徊…,
DIALOGUE_MERRYSVILLE_TWINKLEELEMENTARY_LABRUMORGIRL_SPEAKER,Wendy,Wendy,,ウェンディ,웬디,,,,,,Венди,Венді,温迪,
DIALOGUE_MERRYSVILLE_TWINKLEELEMENTARY_LATESNITCHGIRL_0,"[@]O[DELAY:4:4]ooh, you’re late for class![W@]I’m telling!","[@]O[DELAY:4:4]ooh, t'es en retard pour les cours, hein ![W@]J'vais tout raconter !","[@]O[DELAY:4:4]ooh, sei in ritardo![W@]Ora lo dico alla maestra!\n",[@]あーっ。[D][BR]ちこくはいけないんっだーっ。[W@]せんせいに　いってやろっーと！,"[@]우[DELAY:4:4]우우우, 지각![W@]선생님께 일러야지!","[@]¡U[DELAY:4:4]yyy, llegaste tarde a clase![W@]¡Te voy a acusar!","[@]¡U[DELAY:4:4]yyy, llegas tarde a clase![W@]¡Me voy a chivar!","[@]I[DELAY:4:4]hhh, você está atrasado![W@]Eu vou contar pra tia!","[@]O[DELAY:4:4]ooo, spóźniłeś się na zajęcia![W@]Naskarżę na ciebie!","[@]O[DELAY:4:4]ooh, du kommst zu spät zum Unterricht![W@]Das werde ich petzen!",[@]А[DELAY:2:6]-а-а![D:4] Ты опоздал![W@]Я всё учителю расскажу!,[@]O[DELAY:4:4]-о-о-о-о![D] Ти запізнився на урок![W@]Я все вчителю розповім!,[@]哦[DELAY:4:4]——你上课迟到啦！[W@]我要去告状！,
DIALOGUE_MERRYSVILLE_TWINKLEELEMENTARY_LATESNITCHGIRL_SPEAKER,Grace,Grace,,グレース,그레이스,,,,,,Грейс,Грейс,格蕾丝,
DIALOGUE_MERRYSVILLE_TWINKLEELEMENTARY_LIBRARYSNEEZEGIRL_0,"[@]Sh-hhhhh!\n[W@]We gotta keep quiet in the library, or else we’ll get our a[DELAY:4:3]... a-ah[DELAY:4:3]...\n[W@]AHH--CHOO!!\n","[@]Chhhhhht ![W@]Il faut pas faire de bruit dans la bibliothèque, sinon on va s'en prendre plein la[D:4:3]... a-ah[D:4:3]... [WAIT]AAA-TCHOUUM !","[@]Sh-hhhhh!\n[W@]Dobbiamo fare silenzio in biblioteca, se no ci e[DELAY:4:3]... e-eh[DELAY:4:3]...\n[W@]EHH--CCIÙ!!\n\n",[@]しーっ！[D:6][BR]としょしつで　おおごえだしちゃ[BR]いっけないのよォ！[W@]じゃないと　せんせいからっ[DELAY:4:3]・・・[BR]ハッ[DELAY:4:3]・・・ハッ[DELAY:4:3]・・・ハーーーックション！！,"[@]쉬-이이이이이잇![W@]도서관에서는 정숙해야지, 안 그러면 우리 에[DELAY:4:3]... ㅇ-엣[DELAY:4:3]...[W@]에엣--취이이!!",[@]¡Cállate!\n[W@]Tenemos que estar calladitos en la librería o nos van a[DELAY:4:3]... a-ah[DELAY:4:3]...\n[W@]¡¡AAA--CHUU!!,"[@]¡Chitón![W@]Tenemos que estar callados en la biblioteca, o si no, nos van a[DELAY:4:3]... a-ah[DELAY:4:3]...[W@]¡¡ACHÍS!!","[@]Shhhhh![W@]Tem que fazer silêncio na biblioteca, senão a gente leva uma[DELAY:4:3]... a-ah[DELAY:4:3]...[W@]ATCHIM!!","[@]Cśśśśśś!\n[W@]Musimy być cicho w bibliotece, albo dostanie się na[DELAY:4:3]... a-aa[DELAY:4:3]...\n[W@]A-PSIK!","[@]Pschhhhht!\n[W@]Wir müssen leise in der Bibliothek sein, ansonsten bekommen wir H[DELAY:4:3]...a-ah [DELAY:4:3]...\n[W@]HA--TSCHIE!!","[@]Ч-щ-щ-щ-щ![W@]В библиотеке нельзя шуметь, а иначе а[DELAY:4:2]... а-а-а[DELAY:4:3]...\n[W@]А-А-А-АПЧХИ!!!","[@]Ш-ш-ш-ш-ш-ш-ш-ш, тихо!\n[W@]У бібліотеці шуміти заборонено, інакше нам а[DELAY:4:3]... а-а-а[DELAY:4:3]...\n[W@]А-А-А-АПЧХІ!!""",[@]嘘——！[W@]在图书馆里要保持安静，不然我们会遭大[DELAY:4:3]…啊[DELAY:4:3]…[W@]啊——嚏！！,
DIALOGUE_MERRYSVILLE_TWINKLEELEMENTARY_LIBRARYSNEEZEGIRL_SPEAKER,Linda,Linda,,リンダ,린다,,,,,,Линда,Лінда,琳达,
DIALOGUE_MERRYSVILLE_TWINKLEELEMENTARY_LLOYDBULLYBOY_0,"[@]I still can't get over what happened this morning![W@]I knew [LLOYD] was a wuss, but seeing it for myself was hilarious!","[@]J'en reviens toujours pas de ce qui s'est passé ce matin ![W@]Je savais que [LLOYD] était une mauviette, mais le voir pour de vrai, c'était trop drôle !","[@]Sto ancora pensando a stamattina![W@]Lo so che [LLOYD] è un pappamolle, ma vederlo dal vivo fa morire dal ridere!\n",[@]きょう　あさのこと　いまだにわらえるよ。 [W@][LLOYD]が　よわむしけむしなことは　しってたけど[BR]まさか　そこまでとはねぇ。,[@]오늘 아침 일은 아직도 못 잊겠어![W@][LLOYD][particle:LLOYD:1] 완전 겁쟁이인 건 알았지만 직접 보니까 진짜 웃기더라!,"[@]¡Aún no me creo lo que pasó en la mañana![W@]Sabía que [LLOYD] era un debilucho, ¡pero verlo en vivo y en directo fue graciosísimo!","[@]¡Todavía no me puedo creer lo de esta mañana![W@]Ya sabía que [LLOYD] era un gallina, ¡pero verlo con mis propios ojos ha sido tronchante!","[@]Ainda tô rindo do que aconteceu hoje de manhã![W@]Eu sabia que o [LLOYD] era um cagão, mas ver ao vivo é muito mais engraçado!","[@]Nadal myślę o tym co się stało tego ranka![W@]Wiedziałem, że [LLOYD] to tchórz, ale zobaczenie tego na własne oczy było prześmieszne!","[@]Ich kann immer noch nicht fassen, was heute Morgen passiert ist![W@]Ich wusste, dass [LLOYD] ein Feigling ist, aber es selbst zu sehen, war zu komisch!","[@]Ха-ха-ха! Ты бы видел, что было утром![W@]Понятно, что [LLOYD] та ещё тряпка, но видеть это вживую ещё смешнее!","[@]Ха-ха-ха![DELAY:4] Ніяк не можу перестати сміятися від того, що сталося цього ранку!\n[W@]Я знав, що [LLOYD] — той ще розмазня, але побачити це наживо?[DELAY:4] Взагалі кумедія!",[@]一想到今天早上发生的事，我就忍不住想笑！[W@]我早就知道[LLOYD]他是个怂蛋了，但亲眼看到那一幕还是太好笑了！,
DIALOGUE_MERRYSVILLE_TWINKLEELEMENTARY_LLOYDBULLYBOY_1,"[@]Hey, look![D] It's the scaredy-cat!","[@]Hé, regardez ![D] C'est la poule mouillée !",[@]Guarda chi c'è![D] Il fifone!\n,[@]おい　みんなみろよ！[D][BR]やーい　よわむしけむし！,"[@]야, 봐라![D] 찐따 지나간다!",[@]¡Eh mira![D] ¡Es el miedoso!,"[@]¡Eh, mirad![D] ¡El miedica!",[@]Olha só![D] É o bebezão!,"[@]Hej, patrzcie![D] Tchórzofretka wróciła!","[@]Hey, schau an![D] Es ist der Angsthase!",[@]Опа![D] Трусишка идёт!,"[@]Гей, дивіться![D] Це ж той боягуз!",[@]嘿，快看！[D]是那个小怂蛋！,
DIALOGUE_MERRYSVILLE_TWINKLEELEMENTARY_LLOYDBULLYBOY_SPEAKER,Christopher,Christopher,,クリストフ,크리스토퍼,,,Cristopher,,,Кристофер,Крістофер,克里斯托弗,
DIALOGUE_MERRYSVILLE_TWINKLEELEMENTARY_MARIOFANBOY_0,"[@]Have you ever played Super Mario Bros. 7?\n[W@]My uncle works at [NINTEN]do, and he gave me a cartridge. It’s really fun!\n[W@]Who knew Mario had grandkids!",[@]T'as déjà joué à Super Mario Bros. 7 ?[W@]Y'a mon tonton qui travaille chez [NINTEN]do et qui m'a donné une cartouche du jeu. Il est trop bien ![W@]Je savais pas que Mario avait des petits-enfants !,"[@]Hai giocato a Super Mario Bros. 7?\n[W@]Mio zio lavora alla [NINTEN]do, e me l'ha regalato. È divertente!\n[W@]Non lo sapevo che Mario aveva dei nipoti!\n",[@]あのゲーム　やった？[BR]おれ　まだ　やってないんだ。,"[@]혹시 슈퍼 마리오 7 해본 적 있어?[W@]우리 삼촌이 [NINTEN]도에서 일하는데 카트리지를 하나 줬거든, 엄청 재밌어![W@]설마 마리오한테 손자가 있을 줄이야!","[@]¿Has jugado al Super Mario Bros. 7?\n[W@]Mi tío trabaja en [NINTEN]do, y me dio un cartucho. ¡Es súper divertido!\n[W@]¡Quién hubiera sabido que Mario tenía nietos!",[@]¿Has jugado a Super Mario Bros. 7?[W@]Mi tío trabaja en [NINTEN]do y me ha dado un cartucho. ¡Es superdíver![W@]¡No sabía que Mario tenía nietos!,"[@]Você já jogou Super Mario Bros. 7?[W@]Meu tio trabalha na [NINTEN]do, e conseguiu um cartucho para mim. É bem da hora![W@]Quem diria que o Mario tinha netos!","[@]Graliście już w Super Mario Bros. 7?\n[W@]Mój wujek pracuje w [NINTEN]do i dał mi kartridż. To świetna zabawa!\n[W@]Kto by pomyślał, że Mario miał wnuki?!","[@]Hast du schon mal Super Mario Bros. 7 gespielt?\n[W@]Mein Onkel arbeitet bei [NINTEN]do und hat mir eine Karte geschenkt. Das macht echt Spaß!\n[W@]Wer hätte gedacht, dass Mario Enkel hat!","[@]Ты играл в Super Mario Bros. 7?\n[W@]Мой дядя работает в «[NINTEN]до», и он подарил[BR]мне картридж. Классная игра!\n[W@]Только я не понял, почему он теперь с дубиной и в шкуре...","[@]Ти грав у Super Mario Bros. 7?\n[W@]Мій дядько працює в [NINTEN]до, і він подарував мені картридж з грою. Вона дуже кумедна!\n[W@]Я навіть і не знав, що Маріо вміє так спритно орудувати палицею!",[@]你玩过《超级玛丽7》吗？[W@]我叔叔就在[NINTEN]堂上班，他带给我过一盒卡带。[BR][WAIT]真的超好玩！[W@]我是真没想到超级玛丽他居然还有个孙子！,
DIALOGUE_MERRYSVILLE_TWINKLEELEMENTARY_MARIOFANBOY_SPEAKER,Rick,Rick,,リック,릭,,,,,,Рик,Рік,里克,
DIALOGUE_MERRYSVILLE_TWINKLEELEMENTARY_MISSMERRYSVILLEGIRL_0,[@]My mom says that I’m pretty enough to run for Miss Merrysville! [WAIT]Don’t you agree?,"[@]Ma maman, elle dit que je suis assez belle pour participer au concours de Miss Trou-Paumé ! [WAIT]T'es pas d'accord ?",[@]La mamma dice che sono così bella da essere Miss Merrysville! [WAIT]Tu che dici?\n,[@]あたし　スージー。[BR]ミス・いなかまちに　えらばれたのよ。[W@]ママもあたしのこと　きれいって　いってくれるの！[BR]あなたもそうおもわない？,[@]우리 엄마는 내가 미스-땡스기빙에 나가도 될 만큼 예쁘대![WAIT] 너도 그렇게 생각하지?,[@]¡Mi mami dice que soy suficientemente linda para ser miss Merrysville! [WAIT]¿No estás de acuerdo?,[@]¡Mi mamá dice que soy muy guapa y que podría presentarme a Miss Merrysville! [WAIT]¿No piensas lo mismo?,[@]Minha mãe diz que sou tão bonita que poderia participar do Miss Gratidão![W@]Você não concorda?,"[@]Moja mama mówi, że z moją urodą mogłabym zostać Miss Merrysville! [WAIT]Zgodziłbyś się?","[@]Meine Mama hat gesagt, dass ich hübsch genug bin, um bei der Miss Merrysville mitzumachen! [WAIT]Findest du das auch so?","[@]Моя мама говорит, что я красивая и подхожу на роль Мисс Меррисвиль! [WAIT]А ты как думаешь?","[@]Моя мама каже,[DELAY:3] я така красива,[DELAY:3] що можу стати кандидатом на «Міс Меррісвіль»![WAIT] А ти як вважаєш?\n",[@]我妈妈说，[BR]我的长相完全可以去竞选“梅里斯维尔镇花”呢！[BR][WAIT]你也这么认为吧？,[@]My mom says that I’m pretty enough to run for Miss Thanksgiving! [WAIT]Don’t you agree?
DIALOGUE_MERRYSVILLE_TWINKLEELEMENTARY_MISSMERRYSVILLEGIRL_0-OPT_0,Yes,Si,Sì,はい,네,Sí,Sí,Sim,Tak,Ja,Да,Так,是,
DIALOGUE_MERRYSVILLE_TWINKLEELEMENTARY_MISSMERRYSVILLEGIRL_0-OPT_1,No,Non,,いいえ,아니오,,,Não,Nie,Nein,Нет,Ні,否,
DIALOGUE_MERRYSVILLE_TWINKLEELEMENTARY_MISSMERRYSVILLEGIRL_1,"[@]You’re not too far off from Mr. Merrysville either, cutie.","[@]Toi aussi tu pourrais presque participer au concours de Mister Trou Paumé, aussi.","[@]Tu invece potresti essere Mr. Merrysville, carino.\n",[@]フフッ　ありがと。　あなたも　すてきよ。,"[@]너도 미스터-땡스기빙이랑 그렇게 멀어 보이진 않네, 이 귀요미!","[@]A ti tampoco te falta mucho para ser Mister Merrysville, lindura.","[@]Tú tampoco estás muy lejos de ser Mister Merrysville, bombón.","[@]Você também não tá tão longe de ser um Mister Gratidão,[D:6] fofinho.","[@]Tobie też niewiele brakuje do Mister Merrysville, słodziaku.","[@]Du bist auch nicht weit entfernt vom Mister Merrysville, Süßer.","[@]Ты не так далеко от Мистера Меррисвиля, красавчик.","[@]А ти й сам недалеко від Містера Меррісвіль, красень.\n",[@]你也很有角逐“梅里斯维尔镇草”的潜质嘛，小可爱。,"[@]You’re not too far off from Mr. Thanksgiving either, cutie."
DIALOGUE_MERRYSVILLE_TWINKLEELEMENTARY_MISSMERRYSVILLEGIRL_2,"[@]Well, my mom also says that jealousy is a disease![W@]You're just as mean and ugly as that nerd [LLOYD].[W@]I hope you die alone with him.","[@]Eh ben, ma maman, elle dit aussi que la jalousie, c’est une maladie ![W@]T'es aussi méchant et moche que [LLOYD] l'intello.[W@]J'espère que tu vas mourir tout seul avec lui.",[@]La mamma dice anche che la gelosia è una malattia![W@]Sei brutto e cattivo come quel pappamolle di [LLOYD].[W@]Spero che moriate da soli.,[@]まぁ　ひどい！[W@]あなたのほうが　ブス！[BR]うすのろぶたって　かんじよ！[W@]あのよわむし　[LLOYD]のように[BR]メガネでも　かけなおしてきなさいよ！[D:6][BR]ホントに　イラつく！,"[@]흥, 우리 엄마는 질투는 병이랬어![W@]넌 그 안경, [LLOYD]만큼 못되고 못생겼어.[W@]걔랑 같이 평생 외롭게 살다가 죽어버려.","[@]¡Pues, mi mami también dice que la envidia es una enfermedad!\n[W@]¡Eres igual de tonto y feo que ese baboso de [LLOYD]!\n[W@]Ojalá te mueras solo con él. ",[@]¡Pues mi mamá también dice que los celos son una enfermedad![W@]Eres igual de tonto y feo que el cabeza de chorlito de [LLOYD].[W@]Ojalá que te mueras solo con él.,"[@]Bem, minha mãe também diz que a inveja é uma doença![W@]Você é burro e feio que nem o nerd do [LLOYD].[W@]Espero que você morra sozinho com ele.","[@]Cóż, moja mama też mówi, że zazdrość to zaraza!\n[W@]Jesteś tak głupi i brzydki jak ten pajac [LLOYD].[W@]Mam nadzieję, że obaj umrzecie w samotności.","[@]Tja, meine Mama hat auch gesagt, dass Eifersucht eine Krankheit ist![W@]Du bist genauso doof und hässlich wie dieser Nerd [LLOYD].[W@]Ich hoffe, ihr sterbt einsam.\n","[@]Ах так?[D:6] А ещё моя мама говорит, что завидуют только дураки![W@]Ты такой же злой и страшный, как тот зануда [LLOYD]![W@]Надеюсь, вы умрёте в один день!","[@]Ах, так?![D] А ще моя мама каже, що від заздрощів люди старіють![W@]Ти такий же дурний і некрасивий, як той бовдур [LLOYD]![W@]Cподіваюся, ти помреш на самоті разом з ним.",[@]哼，我妈妈还说嫉妒是一种病！[W@]你就和那个书呆子[LLOYD]一样又蠢又坏。[W@]你们两个一块孤独终老去吧！,
DIALOGUE_MERRYSVILLE_TWINKLEELEMENTARY_MISSMERRYSVILLEGIRL_3,"[@]Well well well, if it isn't [LLOYD].[W@]I know what you are...[D:8] [F:1.8]just a big meanie![/F][W@]Even with those glasses,[D:6] you can't appreciate true beauty when it's standing right in front of you.[W@]All the other boys can tell how pretty I am,[D:6] so why can't you?","[@]Oh bah alors,[D:6] voilà [LLOYD] ![W@]Je sais ce que t'es, toi...[D:8] [F:1.8]T'es juste un gros méchant ![/F][W@]Même avec tes lunettes,[D:6] tu sais même pas reconnaître la vraie beauté quand elle est devant toi.[W@]Tous les autres garçons me trouvent jolie,[D:6] alors pourquoi pas toi ?","[@]Guarda chi si fa vedere, ciao [LLOYD].[W@]Io so cosa sei...[D:8] [F:1.8]sei cattivo![/F][W@]Cosa li porti a fare gli occhiali,[D:6] se neanche riconosci la bellezza quando ti si para davanti?[W@]Tutti gli altri ragazzi lo capiscono che sono bella,[D:6] perché tu no?",[@]あらあら　[LLOYD]さん。[W@]メガネをかけてるのに　あたしの　びぼうが　みえないの？[W@]ほかの　だんしから[BR]「おまえ　みる　めが　ねーな」[BR]って　いわれるわよ。[W@]メガネ　だけに。,"[@]뭐야 뭐야, [LLOYD] 아냐?[W@]네 정체 다 알아...[D:8] [F:1.8]진짜 못된 멍청이![/F][W@]그 안경을 쓰고도,[D:6] 네 눈앞에 있는 진짜 아름다움은 못 알아보는구나.[W@]다른 남자애들은 다 내가 예쁜 걸 아는데, [D:6]넌 왜 못 알아봐 주는 거야!","[@]Vaya, vaya, vaya, pero si es [LLOYD].[W@]Yo sé lo que eres...[D:8] [F:1.8]¡un gran y miserable idiota![/F][W@]Ni con esos lentes puestos,[D:6] eres capaz de apreciar la verdadera belleza cuando está frente a ti.[W@]Todos los otros niños ven lo linda que soy,[D:6] ¿por qué tú no?","[@]¡Vaya, vaya, vaya! Pero si es [LLOYD].\n[W@]Sé muy bien lo que eres...[D:8] [F:1:8]¡un pedazo de borde![/F]\n[W@]Incluso con esas gafotas que tienes,[D:6] no eres capaz de apreciar la belleza divina cuando la tienes delante.\n[W@]Todos los demás chicos pueden ver lo guapa que soy,[D:6] ¿por qué tú no?","[@]Ora ora ora, se não é o [LLOYD].[W@]Eu sei o que você é...[D:8] [F:1.8]você é um grande bocó![/F][W@]Mesmo com esses óculos,[D:6] você não consegue apreciar a verdadeira beleza que está na sua frente.[W@]Todos os outros garotos falam o quão bonita eu sou,[D:6] então por que você não?","[@]Proszę, proszę, toż to [LLOYD].[W@]Wiem, kim naprawdę jesteś...[D:8] [F:1.8]strasznym bucem![/F][W@]Nawet w tych grubych szkłach[D:6] nie potrafisz dostrzec prawdziwej piękności, mimo że patrzy ci w oczy.[W@]Wszyscy inni chłopcy widzą, jaka jestem piękna,[D:6] więc czemu ty nie możesz?","[@]Na, na, na, wenn das nicht [LLOYD] ist.[W@]Ich weiß, was du bist ...[D:8] [F:1.8]einfach nur ein großer Fiesling![/F][W@]Selbst mit dieser Brille[D:6] kannst du eine wahre Schönheit nicht erkennen, wenn sie direkt vor dir steht.[W@]Alle anderen Jungs sehen, wie hüsch ich bin,[D:6] also warum nur du nicht?","[@]Ах, кого я вижу![W@][LLOYD], ты...[D:8] [F:1.8]самый настоящий вредина![/F][W@]Даже с огромными очками ты не можешь признать всю мою истинную красоту![W@]Все мальчики могут сказать, насколько я красивая,[D:6] а ты почему-то не можешь?!","[@]Ох, кого я бачу?[D] Невже це [LLOYD]?\n[W@]Я знаю, що ти...[D:8] [F:1.8]справжнісінький капосник![/F]\n[W@]Навіть у окулярах з такими товстими лінзами ти не здатний побачити мою красу.\n[W@]Всі інші хлопчики кажуть, яка я чарівна,[D:6] а ти чого мовчиш?",[@]哎呀呀，这不是[LLOYD]嘛。[W@]我可知道你是怎么回事…[D:8][F:1.8]你就是个大坏蛋！[/F][W@]就算戴着那副眼镜，[D:6]站在你面前你也看不出什么是美。[W@]别的男孩子都知道我有多漂亮，[D:6]怎么你就看不出来呢？,
DIALOGUE_MERRYSVILLE_TWINKLEELEMENTARY_MISSMERRYSVILLEGIRL_SPEAKER,Suzy,Suzy,,スージー,수지,,,,,,Сьюзи,С'юзі,苏茜,
DIALOGUE_MERRYSVILLE_TWINKLEELEMENTARY_MUSICLOVINGGIRL_0,[@]Laa-la-laaa...[D] That's what being friends is about...[D] Laa-la-laaa...\n[W@]I love music most of all!\n,"[@]Laa-la-laaa...[D] Zats' ouate bihigne freinde zizeubawte... ♪[D] Laa-la-laaa...[W@]Moi, je sais chanter en anglais ! Eh ouais !",[@]Laa-la-laaa...[D] È questo il bello degli amici...[D] Laa-la-laaa...\n[W@]Mi piace un sacco la musica!\n\n,[@]ラララ・・・[D][BR]たんぽぽの　わたげを　そーらーに・・・[BR][D]ラララ・・・[W@]わたしは　おんがくが　いちばんすき。,[@]랄-라-라아아...[D] 친구란 그런 거야... [D] 랄-라-라아아...[W@]난 노래가 제일 좋아!,[@]Laa-la-laaa...[D]Porque de eso se trata la amistad...[D] Laa-la-laaa...\n[W@]¡Me gusta la música sobre todas las cosas!,"Laa, la, laaa...[D]Porque de eso trata la amistad...[D] Laa, la, laaa...[W@]¡La música es lo que más me gusta del mundo mundial!",[@]Laa-la-laaa...[D] Isso que é ser amigo...[D] Laa-la-laaa... [W@]Eu amo música mais que tudo!,[@]Laa-la-laaa...[D] Bo po to się przyjaciół ma...[D] Laa-la-laaa...\n[W@]Kocham muzykę ponad wszystko!,[@]Laa-la-laaa ...[D] Das ist was dir Freundschaft bringt ...[D] Laa-la-laaa ...\n[W@]Musik liebe ich am meisten!\n,[@]Ла-а-ла-ла-а-а...[D] Вот что значит дружба для нас...[D] Ла-а-ла-ла-а-а...\n[W@]Обожаю музыку!,[@]Ла-а-ла-ла-а-а...[D] Ось що означає дружба для нас...[D] Ла-а-ла-ла-а-а...\n[W@]А музику я особливо люблю!,[@]啦——啦——啦……♪[BR][D]这就是朋友的意义呀…♪[BR][D]啦——啦——啦……♪[W@]我最喜欢音乐啦！,
DIALOGUE_MERRYSVILLE_TWINKLEELEMENTARY_MUSICLOVINGGIRL_SPEAKER,Elizabeth,Elizabeth,,エリザベス,엘리자베스,,,,,,Элизабет,Єлизавета,伊丽莎白,
DIALOGUE_MERRYSVILLE_TWINKLEELEMENTARY_NOORDINARYDAUGHTER_0,[@]“I am no ordinary man!”\n[W@]Those are my dad's favorite words.\n,"[@]« Je ne suis pas une personne ordinaire ! »[W@]Voilà ce qu'il dit tout le temps, mon papa.",[@]“Io non sono come gli altri!”\n[W@]È la frase preferita di papà.\n\n,[@]おれを　ただのおじさんと　おもうなよ。[W@]っていうのが　うちのパパのくちぐせなの。,[@]“난 평범한 사람이 아니다!”[W@]우리 아빠가 제일 좋아하는 말이야.,[@]“¡No soy un hombre ordinario!”\n[W@]Esa es la frase favorita de mi papá.\n,[@]«¡No soy un tipo cualquiera!»\n[W@]Esa es la frase favorita de mi papá.,[@]“Eu não sou qualquer um!”\n[W@]É a frase favorita do meu pai.\n,[@]“Żaden ze mnie przeciętniak!”\n[W@]To ulubione słowa mojego taty.,[@]„Ich bin kein gewöhnlicher Mann!“\n[W@]Das ist der Lieblingssatz von meinem Papa.\n,[@]«Я не обычный прохожий!»\n[W@]Так любит говорить мой папа.,[@]«Я не простак!»\n[W@]Так любить говорити мій тато.,[@]“我可不是平庸之辈！”[W@]那是我爸爸最喜欢的一句话。,
DIALOGUE_MERRYSVILLE_TWINKLEELEMENTARY_NOORDINARYDAUGHTER_SPEAKER,Janet,Janet,,ジャネット,자넷,,,,,,Джанет,Джанет,珍妮特,
DIALOGUE_MERRYSVILLE_TWINKLEELEMENTARY_NURSE_0,"[@]Small wounds can be treated here, but if you have something more serious, you should go to a hospital.","[@]J'ai de quoi soigner des blessures légères.[W@]Mais si c'est plus grave, tu vas devoir aller dans un vrai hôpital, d'accord ?","[@]Qui possiamo medicare le ferite semplici, ma se hai qualcosa di grave dovresti andare all'ospedale.\n",[@]かすりきずなら　ここでもなおせるけど[BR]じゅうたいになったら　びょういんをたよるのよ。,"[@]가벼운 상처는 여기서 치료할 수 있지만, 심한 건 병원에 가세요.","[@]Puedo tratar heridas leves, pero si tienes algo más serio deberías ir al hospital.","[@]Puedo tratar heridas leves, pero si tienes algo más grave, deberías ir al hospital.","[@]Ferimentos leves podem ser tratados aqui, mas se você tem algo mais sério, precisa ir a um hospital.","[@]Można tu opatrzeć małe rany, ale jeśli dolega ci coś poważnego, lepiej idź do szpitala.","[@]Kleine Wunden können hier versorgt werden. Aber wenn du etwas Größeres hast, solltest du ins Krankenhaus gehen.","[@]Здесь я смогу только вылечить ранки, с проблемами посерьёзнее тебе следует пойти в больницу.","[@]Тут я зможу вилікувати лише ранки,[D] а з проблемами серйозніше тобі слід піти до лікарні.",[@]小伤口在这里就能处理，但你要是伤得比较重，那还是去医院比较好哦。,
DIALOGUE_MERRYSVILLE_TWINKLEELEMENTARY_NURSE_SPEAKER,Nurse,Infirmière,Infermiera,ほけんしつのせんせい,보건선생님,Enfermera,Enfermera,Enfermeira,Pielęgniarka,Krankenschwester,Медсестра,Медсестра,护士,
DIALOGUE_MERRYSVILLE_TWINKLEELEMENTARY_PUSHUPSBOY_0,"[@]The gym teacher made me do extra push-ups again.\n[W@]I’d rather do sit-ups, though. \n",[@]Le prof de gym m'a tapé.[W@]Je devrais peut-être laisser tomber l'école et devenir un délinquant...,[@]Il maestro di ginnastica mi ha fatto fare di nuovo delle flessioni in più.\n[W@]Io preferirei fare gli addominali. \n\n,[@]たいいくの　せんこうに　たたかれた。　[W@]おれ　ふりょうに　なっちまおうかなぁ・・・。,[@]체육 선생님이 또 팔굽혀펴기를 추가했어.[W@]난 차라리 윗몸일으키기가 좋은데.,"[@]El profe de educación física me hizo hacer flexiones extra de nuevo.\n[W@]Preferiría hacer sentadillas, la verdad.",[@]El profe de educación física me ha vuelto a castigar con flexiones.[W@]Yo preferiría hacer abdominales...,[@]O professor de Educação Física me botou de castigo fazendo flexões de novo.[W@]Eu preferia que fossem abdominais.,[@]Wuefista znowu kazał mi zrobić więcej pompek.\n[W@]Wolałbym porobić przysiady.,[@]Der Sportlehrer hat mich wieder extra Liegestütze machen lassen.\n[W@]Ich will aber lieber Rumpfbeugen machen.,[@]Учитель физкультуры опять заставил меня отжиматься.\n[W@]Хотя я бы лучше поприседал.,[@]Вчитель фізкультури знову змусив мене віджиматися.\n[W@]Хоча я б краще поприсідав.,[@]体育老师又罚我多做俯卧撑了。[W@]我宁愿去做仰卧起坐啊！,
DIALOGUE_MERRYSVILLE_TWINKLEELEMENTARY_PUSHUPSBOY_SPEAKER,Tyrone,Tyrone,,タイロン,타이론,,,,,,Тайрон,Тайрон,泰隆,
DIALOGUE_MERRYSVILLE_TWINKLEELEMENTARY_ROCKETBULLYGIRL_0,"[@]I was having fun by the playground earlier,[D:6] when something big fell from the sky and wrecked everything!\n[W@]I wonder where it came from...","[@]Je m'amusais dans la cour de récré,[D:6] et là, y'a un gros bidule qui est tombé du ciel et qui a tout cassé ![W@]Je me demande d'où ça venait...","[@]Mi stavo divertendo nel cortile,[D:6] e poi è caduta una cosa enorme dal cielo e ha rovinato tutto!\n[W@]Chissà da dove veniva...\n",[@]グラウンドで　あそんでいたら[BR][D:6]おっきいものが　そらからおちて[BR]あたりが　こっぱみじんになったのよぉ。[W@]いったいどこから　ふってきたのかしら・・・,"[@]아까 놀이터에서 재밌게 놀고 있었는데,[D:6] 하늘에서 엄청 큰 게 떨어져서 다 박살 내 버렸어![W@]대체 어디서 날아 온 걸까?","[@]Me andaba divirtiendo en el patio,[D:6] ¡cuando de repente algo cayó del cielo y destruyó todo!\n[W@]Me pregunto de dónde salió...","[@]Estaba jugando en el patio hace poco,[D:6] y de la nada, ¡algo gigante ha caído del cielo y lo ha destrozado todo![W@]¿De dónde habrá salido...?","[@]Eu estava brincando no playground mais cedo,[D:6] quando um troço grandão caiu do céu acabando com tudo![W@]De onde será que aquilo veio?","[@]Bawiłam się na placu zabaw,[D:6] gdy nagle coś wielkiego spadło z nieba i wszystko rozwaliło!\n[W@]Ciekawe skąd się to wzięło...\n","[@]Ich hab mich gerade auf dem Spielplatz amüsiert,[D:6] plötzlich ist was großes vom Himmel gefallen und hat alles zerstört!\n[W@]Ich frage mich, woher es kam ...","[@]Когда я играла на площадке, [D:6]с неба вдруг бабахнула какая-то странная штука!\n[W@]Откуда она вообще прилетела?","[@]Вранці я грала на спортивному майданчику,[D:6] як раптом з неба впало щось величезне і все зруйнувало!\n[W@]Цікаво, звідки воно..?",[@]我刚才在操场那边正玩得开心呢，[BR][D:6]忽然有个好大的东西从天上掉下来，把一切都砸烂了！[W@]不知道那是从哪儿来的…,
DIALOGUE_MERRYSVILLE_TWINKLEELEMENTARY_ROCKETBULLYGIRL_1,"[@]Hey, four-eyes, you got something on your shirt!\n[W@][FASTER](SMACK!)[/FASTER][D] Hah! [D]Got you!","[@]Hé, le binoclard, t'as un truc sur ton t-shirt ![W@][FASTER]*SBAF !*[/FASTER] [D]Ha ! [D]J't'ai eu !","[@]Ehi, quattrocchi, hai la camicia sporca!\n[W@][FASTER](SMACK!)[/FASTER][D] Hah! [D]Fregato!\n",[@]やーい　メガネくん。[BR]シャツにクモがくっついてるよ！[W@][FASTER]（バチン！）[/FASTER][D][BR]わーい[D]　ひっかかったぁ。,"[@]야, 안경! 셔츠에 뭐 묻었는데![W@][FASTER](찰싹!)[/FASTER][D] 헤! [D]구라야!","[@]Oye, cuatro ojos, ¡tienes algo en la camisa!\n[W@][FASTER](¡PUM!)[/FASTER][D] ¡Ja! [D]¡Te pillé!","[@]¡Eh, gafotas, tienes algo en la camiseta![W@][FASTER](¡ZAS!)[/FASTER][D] ¡Ja! [D]¡Has picado!","[@]Ei, quatro-olhos, tá sujo aqui!\n[W@][FASTER](PAF!)[/FASTER][D] Haha! [D]Te peguei!","[@]Te, czterooki, masz coś na koszulce!\n[W@][FASTER](PLASK!)[/FASTER][D] Ha! [D]Nabrałam cię!","[@]Hey, Vierauge, du hast da was auf deinem Shirt!\n[W@][FASTER](KLAPS!)[/FASTER][D] Hah! [D]Hab dich!","[@]Эй, очкарик, у тебя что-то на толстовке!\n[W@][FASTER](ШЛЁП!)[/FASTER][D] Ха! [D]Повёлся!","[@]Гей, очкарик, у тебе щось на толстовці!\n[W@][FASTER](ХРЯСЬ!)[/FASTER][D] Ха![D] Попався!",[@]嘿，小四眼儿，你衬衫上沾东西了！[W@][FASTER]（啪——！）[/FASTER][D]哈！[D]中招了吧！,
DIALOGUE_MERRYSVILLE_TWINKLEELEMENTARY_ROCKETBULLYGIRL_SPEAKER,Sarah,Sarah,,サラ,사라,,,,,,Сара,Сара,莎拉,
DIALOGUE_MERRYSVILLE_TWINKLEELEMENTARY_SKIPPINGCLASSBOY_0,"[@]Aw, man! The door to the rooftop is locked!\n[W@]I usually skip classes to go play on my Game & Watch there...\n[W@]Hey! Wanna skip class with me?\n","[@]Pff, oh non ! La porte du toit est fermée à clé ![W@]D'habitude je sèche les cours pour aller jouer à ma Game & Watch là-bas...[W@]Hé, tu veux sécher les cours avec moi ?",[@]Uffa! La porta per andare sul tetto è chiusa a chiave!\n[W@]Di solito ci vado per giocare con il Game & Watch invece di stare in classe...\n[W@]Ehi! Vuoi marinare la scuola con me?\n\n,[@]おくじょうのドア　しまってるぜ。[W@]トランジスタラジオでも　ききながら[BR]サボろうと　おもってたのによぉ・・・[W@]おい　おまえもいっしょに　サボらないか？[BR]なっ？！,[@]이런! 옥상 문은 잠겨 있어![W@]수업 빼먹고 옥상에서 게임 & 워치하는게 낙이었는데...[W@]이봐! 나랑 수업 빠질래?,[@]¡Ay no! ¡La puerta hacia la azotea esta cerrada!\n[W@]Usualmente me salto clases para jugar con mi Game & Watch allí...\n[W@]¡Oye! ¿Te quieres saltar clase conmigo?,"[@]¡Jo, tío! ¡La puerta de la azotea está cerrada![W@]Normalmente me subo allí a jugar a la Game & Watch cuando me escaqueo de clase...[W@]¡Eh! ¿Quieres hacer novillos conmigo?",[@]Poxa vida! A porta do terraço está trancada!\n[W@]Eu costumo subir lá para matar aula jogando Game & Watch...\n[W@]Ei! Quer vir matar aula comigo?\n,"[@]Kurza stopa! Drzwi na dach są zamknięte!\n[W@]Zwykle wagaruję, by grać tam na swoim Game & Watch'u...\n[W@]Hej! Chcesz ze mną powagarować?","[@]Ach Mann! Die Tür zum Dach ist verschlossen!\n[W@]Eigentlich schwänze ich, um dort Game & Watch zu spielen ...\n[W@]Hey! Willst du mit mir schwänzen?",[@]Балин!..[D:4] Двери на крышу закрыли!\n[W@]Я хожу туда играть в свой Game & Watch во время уроков...\n[W@]Давай вместе прогуляем урок!,[@]Блін[DELAY:4] Двері на дах зачинені!\n[W@]Я часто ходжу туди грати у свій Game & Watch під час уроків.\n[W@]Гей! Хочеш прогуляти урок разом зі мною?,[@]啊，真是的！天台的门锁上了！[W@]我平常都会翘课去那儿玩GameBoy游戏机的…[W@]嘿！你要不要跟我一块翘课？,
DIALOGUE_MERRYSVILLE_TWINKLEELEMENTARY_SKIPPINGCLASSBOY_0-OPT_0,Yes,Oui,Sì,はい,네,Sí,Sí,Sim,Tak,Ja,Да,Так,是,
DIALOGUE_MERRYSVILLE_TWINKLEELEMENTARY_SKIPPINGCLASSBOY_0-OPT_1,No,Non,,いいえ,아니오,,,Não,Nie,Nein,Нет,Ні,否,
DIALOGUE_MERRYSVILLE_TWINKLEELEMENTARY_SKIPPINGCLASSBOY_1,"[@]Psh, nerd. [D]You and [LLOYD] would be good friends. ","[@]Pff, t'es trop un intello. [D]Tu t'entendrais bien avec [LLOYD], toi.","[@]Psh, secchione. [D]Tu e [LLOYD] sareste buoni amici.\n",[@]むくちなやつ。[D][BR][LLOYD]のやつと　おにあいだよ。,"[@]어휴, 쫄보야.[D] 너랑 [LLOYD][particle:LLOYD:0] 정말 좋은 친구가 될 거 같네.","[@]Pff, nerd. [D]Tú y [LLOYD] serían buenos amigos.",[@]Menudo friki. [D]Harías buenas migas con [LLOYD].,"[@]Afff, seu nerd. [D]Você e o [LLOYD] se dariam muito bem. ","[@]Phi, kujon. [D][LLOYD] by się z tobą dogadał.","[@]Pst, Nerd. [D]Du und [LLOYD] wärt gute Freunde.","[@]Пф, зануда. [D]Прямо как [LLOYD]. [D:4]Вам бы познакомиться.","[@]Пф-ф, зануда. [D]Ти би став відмінним другом для [decline:Lloyd:M:1].",[@]呸，书呆子。[BR][D]你和[LLOYD]会成为好朋友的。,
DIALOGUE_MERRYSVILLE_TWINKLEELEMENTARY_SKIPPINGCLASSBOY_2,"[@]Wait[DELAY:4:3]...[D] If you're not a student here, [D:6]does it count as skipping class?\n[W@]Ugh! [D]Thinking makes my head hurt...\n","[@]Attends[DELAY:4:3]...[D] Si t'es pas un élève d'ici, [D:6]ça compte comme sécher les cours ou pas ?[W@]Argh ! [D]Ça me fait mal à la tête de réfléchir...","[@]Aspetta[DELAY:4:3]...[D] Se non sei uno studente, [D:6]conta come marinare la scuola?\n[W@]Ugh! [D]Pensare mi fa venire mal di testa...\n\n",[@]おまえ　うちのせいとじゃないのに[BR]べつのがっこうで　サボってるのか。[W@]がっこうでサボったら　それはマジメってことか？[W@]わからなくなってきたよ。,"[@]잠시만[DELAY:4:3]...[D] 넌 이 학교 학생이 아니니까, [D:6]수업을 빼먹는다고 할 수 있는 건가?","[@]Espérate[DELAY:4:3]...[D] Si no eres estudiante de aquí, [D:6]¿acaso cuenta como saltarse clases?\n[W@]¡Agh! [D]Pensarlo hace que me duela la cabeza...","[@]Espera[DELAY:4:3]... [D]Si no eres alumno de aquí,[D:6] ¿cuenta como hacer novillos?[W@]¡Aah! [D]Pensar tanto me da dolor de cabeza...","[@]Mas, peraí[DELAY:4:3]...[D] Como você não é aluno daqui, [D:6]isso ainda conta como matar aula?\n[W@]Ugh! [D]Pensar me dá dor de cabeça...\n","[@]Chwila[DELAY:4:3]...[D] Czy to się liczy jako wagary, [D:6]jeżeli nie jesteś tu uczniem?\n[W@]Och! [D]Przez myślenie boli mnie głowa...","[@]Moment[DELAY:4:3] ...[D] Wenn du kein Schüler hier bist, [D:6]zählt das schon als Schwänzen?\n[Warte@]Ugh! [D]Ich bekomme Kopfschmerzen vom ganzen Nachdenken ...","[@]А, стой.[DELAY:4:2]..[D] Если ты здесь не учишься, [D:6]это вообще считается за прогул?\n[W@]Ох, что-то голова разболелась...","[@]Зачекай...[W@]Якщо ти тут не вчишся, [D:6]чи вважається це прогулом?\n[W@]Ох! [D]Від таких думок у мене болить голова...",[@]等等…[D]你要不是这儿的学生，[D:6]那也算翘课吗？[W@]呃！[D]想的我头疼…,
DIALOGUE_MERRYSVILLE_TWINKLEELEMENTARY_SKIPPINGCLASSBOY_3,"[@]Well, anyway, it's too bad that the roof is locked.[W@]The janitor has the keys to open it.[W@]But you'd have to suck up to him just to get him to do what you want.[W@]Only a sissy like [LLOYD] would do that, though.","[@]Bon, mais du coup c'est trop nul qu'on puisse pas aller sur le toit.[W@]C'est le concierge qui a la clé.[W@]Faudrait lui faire de la lèche juste pour qu'il fasse ce que tu veux.[W@]Y'a que des fillettes comme [LLOYD] pour faire ça.","[@]Vabbè, comunque, peccato che il tetto sia chiuso.[W@]Le chiavi ce le ha il bidello.[W@]Per farti aiutare devi fare il ruffiano con lui.[W@]Certo, lo farebbe solo una femminuccia come [LLOYD].\n",[@]しっかし　おくじょうしまってて　やなこった。[W@]ようむいんの　せんせーが　カギを　もってんだよな。[W@]ゴマすり　ゴミひろい　コマまわしでも　しないと　あけてくれないだろうよ。[W@]そんなこと　やるやつ　[LLOYD]ぐらい　だけだろうけどな。　,"[W@]음, 뭐 어때, 생각할수록 머리만 아프네.[W@]문 여는 열쇠는 수위 아저씨가 가지고 있어.[W@]근데 원하는 걸 얻고 싶으면 아저씨한테 아부를 좀 떨어야 할걸.[W@][LLOYD] 같은 찐따나 빌빌대겠지만 말이야.","[@]En fin, es una pena que la azotea esté cerrada.[W@]El conserje tiene las llaves para abrirla.[W@]Pero tendrías que andar de lamebotas para que te las dé.[W@]Aunque claro, solo la niñita de [LLOYD] haría algo así.","[@]En fin, es una pena que la azotea esté cerrada.\n[W@]El conserje tiene las llaves.\n[W@]Pero tendrías que hacerle la pelota para conseguir que haga lo que quieres.\n[W@]Aunque eso solo lo haría un moñas como [LLOYD].","[@]Bem, de qualquer forma, não vai dar porque o terraço está fechado.[W@]O zelador tem a chave de lá.[W@]Mas o único jeito é ficar paparicando ele até conseguir que abra para você.[W@]Só um frouxo como o [LLOYD] faria isso.","[@]W każdym razie, wielka szkoda, że wejście na dach jest zamknięte.[W@]Woźny ma do niego klucz.[W@]Ale musiałbyś mu się nieźle podlizać, żeby dał ci, czego chcesz.[W@]Tylko taki maminsynek jak [LLOYD] by tak zrobił.","[@]Naja, schade, dass das Dach verschlossen ist.[W@]Der Hausmeister hat den Schlüssel, um's zu öffnen.[W@]Aber man müsste sich einschleimen, damit er tut, was du willst.[W@]Das würde aber nur ein Weichei wie [LLOYD] tun.","[@]Жаль, конечно, что двери закрыли.[W@]Ключи от всех дверей — у уборщика.[W@]Только он тебе ничего не выдаст, если к нему не подлизаться.[W@]А кроме нашего неженки [decline:Lloyd:M:1], никто таким заниматься точно не будет.","[@]Ось тільки шкода, що двері на дах зачинені.[W@]У прибиральника, кажуть, є ключі від неї...[W@]Але єдиний спосіб їх отримати — це підлизуватися до нього.[W@]Окрім нашого слабака [decline:Lloyd:M:1] ніхто на таке не піде.",[@]哎呀，反正天台被锁着也挺可惜的。[W@]只有校工的手上有钥匙。[W@]不过你得使劲巴结他，他才肯帮你。[W@]这种事情估计也只有[LLOYD]那种软蛋才能干得出来。,
DIALOGUE_MERRYSVILLE_TWINKLEELEMENTARY_SKIPPINGCLASSBOY_SPEAKER,Rony,Rony,,ロニー,로니,,,,,,Рони,Роні,罗尼,
DIALOGUE_MERRYSVILLE_TWINKLEELEMENTARY_SKIPPINGCLASSBOY2_0,"[@]Finally, the rooftop door is open! [W@]Oh, what?! [D]The weather outside sucks, nevermind.","[@]Trop bien, la porte du toit est enfin ouverte ![W@]Hein, quoi ?! [D]Il fait super moche dehors... Bon ben tant pis.","[@]Si è aperta la porta! Finalmente![W@]Ma come?! [D]C'è un tempo terribile, maledizione.",[@]おくじょうのドア　あけてくれてサンキュー。　[W@]げげっ　てんきわりぃな。[D][BR]じゃあ　かんけいないこった。,"[@]드디어, 옥상 문이 열렸잖아![W@]아, 잠시만?! [D]오늘 날씨 완전 최악이네.[@]됐다, 됐어.","[@]Por fin, ¡la puerta de la azotea esta abierta! [W@]¡¿Eh, cómo?! [D]El clima afuera está horrible, para eso mejor me quedo aquí.","[@]¡Por fin han abierto la puerta de la azotea!\n[W@]¡¿Eh, qué?! [D]Vaya asco de tiempo hace fuera, paso.","[@]Finalmente, o terraço tá aberto! [W@]Pera, o quê?! [D]O tempo tá terrível, deixa pra lá.","[@]W końcu otworzyli drzwi na dach! [W@]Ej, co jest?! [D]Nieważne, pogoda na zewnątrz ssie.","[@]Endlich, die Tür zum Dach ist offen![W@]Ne, was?! [D]Das Wetter ist nass, vergiss es.","[@]Ну наконец-то крышу открыли![W@]Стоп... [D]не, фу, [D:4]погода на улице отвратительная.","[@]Ну нарешті! Вхід на дах відкритий! [W@]Гей, що це?! [D]Погода на вулиці мерзенна, навіть виходити не хочеться.",[@]总算，天台的门开了！[W@]呃，什么啊！[D]外面这天也太差了吧，还是算了。,
DIALOGUE_MERRYSVILLE_TWINKLEELEMENTARY_SKIPPINGCLASSBOY3_0,[@]Don't bother me![W@]I'm playing Mario Bros. on my Game & Watch.,[@]Laisse-moi tranquille ![W@]Je joue à Mario Bros. sur ma Game & Watch.,[@]Non fare caso a me![W@]Sto giocando a Mario Bros. sul mio Game & Watch.,[@]ラジオが　いま　いいとこなんだよ。[W@]はなしかけんな。,[@]방해하지 마![W@]게임 & 워치로 마리오 중이란 말이야.,[@]¡No molestes![W@]Estoy jugando Mario Bros. en mi Game & Watch.,[@]¡No me des la brasa!\n[W@]Estoy jugando al Mario Bros. en mi Game & Watch.,[@]Não me atrapalhe![W@]Tô jogando Mario Bros. no meu Game & Watch.,[@]Nie przeszkadzaj mi![W@]Gram w Mario Bros. na swoim Game & Watch'u.,[@]Störe mich nicht![W@]Ich spiele Mario Bros. auf meinem Game & Watch.,[@]Не отвлекай![W@]Я играю в Марио на своём Game & Watch’е.,[@]Не заважай![W@]Я граю в Mario Bros. на своєму Game & Watch.,[@]别烦我！[W@]我正忙着玩我Game&Watch上的《马力欧兄弟》呢。,
DIALOGUE_MERRYSVILLE_TWINKLEELEMENTARY_STRAWBERRYTOFULOVER_0,[@]My mom bought me some strawberry tofu the other day.[W@]It was the tastiest thing I’ve ever had.\n,"[@]Ma maman, elle m'a acheté du tofu à la fraise l'autre jour.[W@]C'est le meilleur truc que j'aie jamais goûté.",[@]La mamma mi ha comprato del tofu alla fragola l'altro giorno.[W@]Era la cosa più buona che ho mai mangiato.\n\n,[@]どうやら　とかいのほうでは[BR]いちごあじのとうふって　はやってるらしいな。[W@]よっつくらい　かあさんにかってきてもらって[BR]くってみてぇよ。　,"[@]우리 엄마가 저번에 딸기 두부를 사주셨는데,[W@]인생에서 먹어본 것 중에서 제일 맛있었어.",[@]Mi mamá me compro un tofu de frutilla el otro día.[W@]¡Fue la cosa más sabrosa que he probado!,"[@]Mi mamá me compró tofu de fresa el otro día.[W@]¡Estaba buenísimo, lo más rico que he probado nunca!",[@]A minha mãe comprou tofu de morango um dia desses.[W@]Eu nunca comi nada tão gostoso na minha vida.\n,"[@]Mama ostatnio kupiła mi trochę truskawkowego tofu.[W@]To była najsmaczniejsza rzecz, jaką kiedykolwiek jadłem.","[@]Meine Mama hat mir letztens Erdbeer-Tofu gekauft.[W@]Das war das leckerste, das ich je gegessen habe.\n",[@]Однажды моя мама купила мне тофу с клубникой.[W@]Вкуснее я в жизни ничего не ел!,"[@]Нещодавно мама купила мені тофу з полуницею.[W@]Це була найсмачніша страва, що я коли-небудь їв.\n",[@]前几天我妈妈给我买了一些草莓豆腐。[W@]那是我吃过最好吃的东西了。,
DIALOGUE_MERRYSVILLE_TWINKLEELEMENTARY_STRAWBERRYTOFULOVER_SPEAKER,Caleb,Cabel,,カレブ,갈렙,,,,,,Калеб,Калеб,凯莱布,
DIALOGUE_MERRYSVILLE_TWINKLEELEMENTARY_WEIRDTEACHER_0,[@]I am the Mysterious Teacher.[W@]Nobody knows who I am...,[@]Je suis le mystérieux professeur.[W@]Personne ne sait qui je suis...,[@]Sono il Professor Mistero.[W@]Nessuno sa chi sono veramente...,[@]わたしは　なぞのせんせい。[@]しょうたいは　だれにもわかるまい・・・,[@]난 수수께끼의 선생.[W@]아무도 내 정체를 모르지...,[@]Soy el Profesor misterioso.\n[W@]Nadie sabe quién soy...,[@]Soy el Profesor enigmático.\n[W@]Nadie sabe quién soy...,[@]Eu sou o Prof. Misterioso.[W@]Ninguém conhece a minha identidade...,[@]Jestem Tajemniczym Nauczycielem.[W@]Nikt nie wie kim jestem...,"[@]Ich bin der geheimnisvolle Lehrer. [W@]Niemand weiß, wer ich bin ...","[@]Я загадочный учитель.[W@]Никто не знает, кто я такой...","[@]Я загадковий вчитель.[W@]Ніхто не знає, хто я...",[@]我是神秘老师。[W@]没人知道我是谁…,
DIALOGUE_MERRYSVILLE_TWINKLEELEMENTARY_WEIRDTEACHER_1,"[@]Oh, hello, Mr. Wimstein.[D:6] How are you?","[@]Oh, bonjour M. Wimstein.[D:6] Vous allez bien ?","[@]Oh, buongiorno, Signor Wimstein.[D:6] Come sta?",[@]あ　かわりものの　せんせい！[BR]おひさしぶりです！,"[@]오, 안녕하세요, 윔스타인 씨.[D:6] 잘 지내십니까?","[@]Oh, saludos, señor Wimstein.[D:6] ¿Cómo le va?","[@]Vaya, buenas, señor Wimstein.[D:6] ¿Cómo se encuentra?\n","[@]Olá, Prof. Wimstein.[D:6] Como vai o senhor?","[@]O, dzień dobry, panie Wimstein.[D:6] Jak się pan miewa?","[@]Oh, hallo Herr Wimstein.[D:6] Wie geht es Ihnen?","[@]О, здравствуйте, мистер Уимштейн.[D:6] Как поживаете?","[@]О, добрий день, містер Вімштейн.[D] Як ваші справи?",[@]噢，你好呀，温斯坦先生！[DELAY]你还好吗？,
DIALOGUE_MERRYSVILLE_TWINKLEELEMENTARY_WEIRDTEACHER_2,"[@]Sigh...[D] hello, [LLOYD]. [D]I see that you're not alone this time.","[@]*soupir*...[D] Bonjour, [LLOYD]. [D]Je vois que tu n'es pas tout seul, cette fois.","[@]Sigh...[D] ciao, [LLOYD]. [D]Vedo che stavolta non sei da solo.",[@]はぁ・・・[D][Lloyd]かい。[D][BR]こんかいは　ひとりじゃない　みたいだね。,"[@]후우...[D] 안녕, [LLOYD]. [D]! 오늘은 혼자가 아닌 모양이네!","[@]Ay...[D] hola, [LLOYD]. [D]Veo que no vienes solo esta vez.","[@]Ains...[D] hola, [LLOYD]. [D]Veo que hoy no vienes solo.","[@]Aff...[D] olá, [LLOYD]. [D]Vejo que não está sozinho dessa vez.","[@]Ach...[D] Cześć, [LLOYD]. [D]Widzę, że tym razem nie jesteś sam.","[@]Seufz ...[D] Hallo, [LLOYD]. [D]Ich sehe, du bist diesmal nicht allein.","[@]Ох...[D] здравствуй, [LLOYD]. [D]Вижу, в этот раз ты не один пришёл.","[@]Ех...[D] Добрий день, [LLOYD]. [D]Бачу, цього разу ти не один.",[@]唉…[D]你好，[LLOYD]。[D][@]看来这次你不是一个人来了。,
DIALOGUE_MERRYSVILLE_TWINKLEELEMENTARY_WEIRDTEACHER_3,"[@]Don’t tell anyone, but I live here, actually.[W@]My last research grant didn’t come through, and rent is getting high...[W@]So I need money, pronto.[D] Care to buy an invention?","[@]Ne le dis à personne, mais je vis secrètement dans cette école.[W@]Je n'ai pas reçu de subvention pour mes dernières recherches, et le loyer commence à grimper...[W@]Alors il me faut de l'argent, et vite.[D] Ça te dirait d'acheter une de mes inventions ?","[@]Non dirlo a nessuno, ma in realtà vivo qui.[W@]Non ho ricevuto finanziamenti per la mia ricerca, e l'affitto costa...[W@]Quindi sono al verde.[D] Acquisteresti un'invenzione?\n",[@]わしは　じぶんでもわかっておるが[BR]このがっこうに　かくれすんでいる[BR]かわりもののせんせいだ。[W@]そっちょくにいうが　けんきゅうひが　ほしい。[D][BR]わしの はつめいを　かってくれんか？,"[@]나 사실 여기서 살고 있거든, 아무한테도 말하면 안 돼.[W@]지난번 연구 지원금 신청에 떨어지고, 집세는 또 오르고...[W@]그래서 이 돈이 문제야.[D] 그래서 그러는데, 내 발명품 좀 사주겠니?","[@]No le digas a nadie, pero en realidad vivo aquí.\n[WAIT@]No me dieron el último fondo para mi investigación y el alquiler está por las nubes...\n[W@]Así que necesito dinero, y rápido.[D] ¿Te animas a comprarme un invento?","[@]Que esto quede entre nosotros, pero en realidad vivo aquí.\n[W@]No me concedieron la beca de investigación y el alquiler está por las nubes...\n[W@]Así que necesito dinero, y rápido.[D:3] ¿Te interesarían algunos de mis inventos?","[@]Não conta para ninguém, mas é que eu moro aqui.[W@]A verba da minha última pesquisa não saiu, e o aluguel tá ficando caro...[W@]Então eu preciso de dinheiro pra ontem.[D] Quer comprar uma invenção?","[@]Nie mów nikomu, ale tak właściwie, to tutaj mieszkam.[W@]Nie doszły do mnie ostatnio dotacje na badania, a czynsz coraz droższy...[W@]Więc potrzebuję kasy od zaraz.[D] Nie zechciałbyś zakupić jakiegoś wynalazku?","[@]Sag das niemandem, aber in Wahrheit wohne ich hier.[W@]Mein letztes Forschungs-Stipendium klappte nicht und die Mietpreise hier sind so hoch ...[W@]Also brauche ich dringend Geld.[D] Hast du vielleicht Interesse an einer meiner Erfindungen?","[@]Только никому не говорите, что я здесь живу.[W@]Мне так и не пришёл последний грант на исследование, а цены за аренду стремительно растут...[W@]Мне срочно нужны деньги.[D] Может, купите изобретение?","[@]Прошу, не кажіть нікому, що я тут взагалі живу.[W@]Мені так і не прийшов останній грант на дослідження,[D] а ціна за оренду стрімко зростає...[W@]Мені терміново потрібні гроші.[DELAY:4] Може, купите винахід?",[@]别跟别人说啊，其实我就住在这儿。[W@]上一笔研究经费没批下来，房租又越来越贵…[W@]所以现在我着急用钱呢，[D]要不要买个发明支持一下？,
DIALOGUE_MERRYSVILLE_TWINKLEELEMENTARY_WEIRDTEACHER_4,"[@]Of course, of course...[W@]We all know that buying candy is more important than funding the future...","[@]Je comprends, je comprends...[W@]Tout le monde sait que c'est plus important d'acheter des bonbons que d'investir pour l'avenir...","[@]Certo, ovviamente...[W@]Sanno tutti che comprare le caramelle è più importante di investire sul futuro...\n",[@]だろうな。[W@]さきがみえない　みらいよりも[BR]めのまえにある　アメだまのほうが　ほしいだろう？[DELAY][BR]そういうもんさ。,"[@]물론이지, 물론...[W@]미래에 투자하는 것보다는 지금 당장의 사탕이 더 달콤하겠지...[W@]그럼... 이해하지.","[@]Claro, claro...\n[W@]Todos sabemos que comprar dulces es mucho más importante que financiar el futuro...","[@]Claro, claro...\n[W@]Es mejor gastarse el dinero en chuches que en el progreso científico...","[@]Ah, sim, claro...[W@]Todo mundo sabe que gastar com balas e doces é mais importante do que investir no futuro da ciência...","[@]No jasne, oczywiście...[W@]Wszyscy wiemy, że kupowanie słodyczy jest ważniejsze od fundowania przyszłości...","[@]Natürlich, natürlich ... [W@]Wir wissen doch alle, dass es wichtiger ist,  in Süßigkeiten zu investieren als in die Zukunft ...","[@]Ну да, ну да...[W@]Все мы знаем, что покупка конфет важнее вклада в будущее...","[@]Ну так, ну так...[W@]Усі ми знаємо,[DELAY:4] що купити цукерки важливіше,[DELAY:4] ніж інвестувати в майбутнє...",[@]当然了，当然了…[W@]我们都知道，买糖果可比资助未来重要多了…,
DIALOGUE_MERRYSVILLE_TWINKLEELEMENTARY_WEIRDTEACHER_5,"[@]Please, drop in anytime.[W@]I'm always working on a new invention.",[@]Reviens quand tu veux.[W@]J'aurai encore d'autres trucs sympathiques à te proposer.,[@]Torna quando vuoi.[W@]Sono sempre all'opera su nuove invenzioni.\n,[@]また　いつでも　きてくれ。[W@]いいものをつくっておくからな。　,[@]언제든 들러 줘.[W@]나의 발명을 향한 사랑은 멈추지 않으니까.,"[@]Por favor, visítame cuando quieras.\n[W@]Siempre estoy trabajando en algún invento nuevo.",[@]Pásate cuando quieras.\n[W@]Siempre estoy trabajando en algún invento nuevo.,[@]Volte quando quiser.[W@]Estou sempre trabalhando em novas invenções.,"[@]Proszę, wpadaj kiedy zechcesz.[W@]Zawsze pracuję nad jakimś nowym wynalazkiem.",[@]Komm gerne wieder vorbei.[W@]Ich arbeite ständig an neuen Erfindungen.,[@]Заглядывайте ко мне в любой момент.[W@]Я всегда работаю над новыми изобретениями.,"[@]Будь ласка, заглядайте до мене, як забажаєте.[W@]Я завжди працюю над новими винаходами.\n",[@]欢迎随时来串门。[W@]我会一直捣鼓新发明的。,
DIALOGUE_MERRYSVILLE_TWINKLEELEMENTARY_WEIRDTEACHER_6,[@]I haven't made much progress since your last visit.[W@]Would you like to look at the old list?,[@]Je n'ai pas avancé sur mes inventions depuis ta dernière visite.[W@]Tu veux voir mes anciens articles ?,[@]Non ho fatto molti progressi dall'ultima volta.[W@]Vuoi dare un'occhiata alla vecchia lista?\n,[@]あれから　はつめいが　すすんどらんのだよ。[W@]むかしの メニューをみるか？,"[@]그때 이후로는 별 진전이 없었어.[W@]자, 바뀐 거 하나 없는 카탈로그.",[@]No he hecho mucho progreso desde tu última visita.\n[W@]¿Le gustaría revisar la lista anterior?,[@]No he progresado mucho desde la última vez.\n[W@]¿Quieres echarle un vistazo a la lista anterior?,[@]Ainda não tive muito progresso desde a última vez.[W@]Quer dar uma olhada na lista antiga?,[@]Nie doszło tu do żadnego przełomu od czasu twojej ostatniej wizyty.[W@]Chciałbyś spojrzeć na starą listę?,[@]Seit unserer letzten Begegnung ist nicht viel passiert.[W@]Wie wäre ein Blick auf meine alte Liste?,"[@]За это время я, если честно, не сильно продвинулся.[W@]Может, присмотрите чего-то из старых изобретений?","[@]Я так нічого і не зробив з моменту нашої останньої зустрічі.\n[W@]Може, глянете на старі винаходи?",[@]自从你上次来之后，我就没什么进展。[W@]要不要再看看之前的旧清单？,
DIALOGUE_MERRYSVILLE_TWINKLEELEMENTARY_WEIRDTEACHER_SPEAKER,Mysterious Teacher,Mystérieux professeur,Professor Mistero,かわりものの　せんせい,수수께끼의 선생,Profesor misterioso,Profesor enigmático,Professor Misterioso,Dziwny Nauczyciel,Geheimnisvoller Lehrer,Загадочный учитель,Загадковий вчитель,神秘教师,
